Tune	Genre	Mode	Listening/dance	Source	Source type	Source instrument or voice	Location	Date	Original location	Main Region from Appendix B	Subregion from Appendix B	Original tonality	Original tonality directional	modulation_pathway	Modulation_Measures	One_Mode	Mode notes
<a  href="https://verovio.humdrum.org/?file=https://raw.githubusercontent.com/shanahdt/mode_in_klezmer/refs/heads/main/corpus/beregovski001.krn">1</a>	    Dobriden	G minor	listening	Gurevich	recording	Voice	Odessa	1930	Bobruisk			D	Up P5		All minor	yes	
<a  href="https://verovio.humdrum.org/?file=https://raw.githubusercontent.com/shanahdt/mode_in_klezmer/refs/heads/main/corpus/beregovski002.krn">2</a>	    Dobriden	G freygish	listening	"Bergelson, D."	transcription (Beregovski)	-	Kyiv	1937	Uman'			-	-		All freygish	yes	
<a  href="https://verovio.humdrum.org/?file=https://raw.githubusercontent.com/shanahdt/mode_in_klezmer/refs/heads/main/corpus/beregovski003.krn">3</a>	    Dobriden	G freygish	listening	"Barkagan, G."	transcription (Barkagan)	Clarinet	Kalinindorf	1936	-			-		C minor (iv); G minor	9–12	no	
<a  href="https://verovio.humdrum.org/?file=https://raw.githubusercontent.com/shanahdt/mode_in_klezmer/refs/heads/main/corpus/beregovski004.krn">4</a>	    Dobranotsch	G freygish	listening	"Sakhnovsky, B."	manuscript notation	Violin	-	-	-			E	Down m3	C major (IV); G freygish (I)	17–24	no	
<a  href="https://verovio.humdrum.org/?file=https://raw.githubusercontent.com/shanahdt/mode_in_klezmer/refs/heads/main/corpus/beregovski005.krn">5</a>	    Dobriden	G minor	listening	"Barkagan, G"	transcription (Barkagan)	Clarinet	Kalinindorf	-	-			E	Down m3		All minor	yes	
<a  href="https://verovio.humdrum.org/?file=https://raw.githubusercontent.com/shanahdt/mode_in_klezmer/refs/heads/main/corpus/beregovski006.krn">6</a>	    Dobranotsh	G minor	listening	"Makonovetsky, A. E. "	transcription (Makonovetsky)	Violin	Khabno	-	-	Kyiv	Khabno	C	Down P5	Bb major (III); G minor	18–26	no	
<a  href="https://verovio.humdrum.org/?file=https://raw.githubusercontent.com/shanahdt/mode_in_klezmer/refs/heads/main/corpus/beregovski007.krn">7</a>	    Dobranotsh	G minor	listening	"Sakhonsky, B."	manuscript notation	Violin	Kalinindorf	-	-			G	-	"C freygish (IV), G minor (i), Bb major (III), G minor (i), Bb major (III); G minor (i)"	"9–12; 13–16, 17–20; 21–24; 25–44"	no	"I identify the cadences on C in the opening eight bars and temporary stopping points, not full arrivals. There are ambiguities and other possible readings."
<a  href="https://verovio.humdrum.org/?file=https://raw.githubusercontent.com/shanahdt/mode_in_klezmer/refs/heads/main/corpus/beregovski008.krn">8</a>	    Mazltov (Dobranotsh)	G minor	listening	"Makonovetsky, A. E. "	transcription (Makonovetsky)	Violin	Khabno	-	-			G	-	Bb major (III); G minor (i)	18–30	no	
<a  href="https://verovio.humdrum.org/?file=https://raw.githubusercontent.com/shanahdt/mode_in_klezmer/refs/heads/main/corpus/beregovski010.krn">10</a>	    Dobranotsh (mazltov)	G raised fourth	listening	"Makonovetsky, A. E. "	transcription (Makonovetsky)	Violin	Khabno	-	-	Kyiv	Khabno	G	-		All raised fourth	yes	
<a  href="https://verovio.humdrum.org/?file=https://raw.githubusercontent.com/shanahdt/mode_in_klezmer/refs/heads/main/corpus/beregovski011.krn">11</a>	    Dobranotsh	G minor	listening	Anonymous	transcription	-	-	-	-	-	-	A	Up M2	Bb major (III); C minor (iv); Bb major (III); C freygish (IV); G minor (i); Bb major (III); C freygish (IV); G minor (i)	9–16; 17–20; 21–24; 25–28; 29–33; 34–41; 42–45	no	
<a  href="https://verovio.humdrum.org/?file=https://raw.githubusercontent.com/shanahdt/mode_in_klezmer/refs/heads/main/corpus/beregovski012.krn">12</a>	    Dobridyen'	G freygish	listening	"Barkagan, G"	transcription	Clarinet	Kalinindorf	1936	-	Old Jewish Agricultural Colonies	Kalinindorf	D	Up P5	C minor (iv); G freygish (I); C minor (iv); G fregyish (I)	1–12; 13–16; 17–24	no	
<a  href="https://verovio.humdrum.org/?file=https://raw.githubusercontent.com/shanahdt/mode_in_klezmer/refs/heads/main/corpus/beregovski015.krn">15</a>	    Freylekhs (tsu der khupe)	G freygish	listening	"Slobodskoi, M."	recording	Clarinet	"Brusilov, Kyiv"	1935		Kyiv	Brusilov	C	Up P4	C major (IV); G freygish (I)	37–54	no	
<a  href="https://verovio.humdrum.org/?file=https://raw.githubusercontent.com/shanahdt/mode_in_klezmer/refs/heads/main/corpus/beregovski016.krn">16</a>	    Freylekhs (fun der khupe)	G minor	listening	"Barkagan, G"	transcription	Clarinet	Kalinindorf	1936	-	Old Jewish Agricultural Colonies	Kalinindorf	G	-		All minor	yes	Measures 17–24 could be heard in Bb major (III). We analyzed them with the rest of the section in G minor (criteria 1 and 3). 
<a  href="https://verovio.humdrum.org/?file=https://raw.githubusercontent.com/shanahdt/mode_in_klezmer/refs/heads/main/corpus/beregovski019.krn">19</a>	    Khtsos	G minor	listening	Anonymous	transcription	Violin	-	-	-	-	-	F#	Down m2	Bb major (III); G minor (i); Bb major (III); G minor (i)	36–43; 44–47; 48–51	no	"This is only the latter section of the piece with a 2/4 time signature. The opening is in ""Tempo rubato"" with frequent fermatas."
<a  href="https://verovio.humdrum.org/?file=https://raw.githubusercontent.com/shanahdt/mode_in_klezmer/refs/heads/main/corpus/beregovski020.krn">20</a>	    Taksim	G raised fourth	listening	"Dulitsky, B."	recording	Clarinet	Kyiv	1935	-	Kyiv	"Boguslav, Brusilov, Zvenigorodka, Korostyshev, Makarov, Uman', or Fastov"	-	-	G major (I); G raised fourth (i)	41–46	no	"This is only the latter section of the piece with a 2/4 time signature (marked Allegro). The opening is marked ""Rubato"" and does not have a time signature."
<a  href="https://verovio.humdrum.org/?file=https://raw.githubusercontent.com/shanahdt/mode_in_klezmer/refs/heads/main/corpus/beregovski021.krn">21</a>	    Doyne	G freygish	listening	"Gulerman, Z."	recording	Flute	Kyiv	1935	-	Kyiv	"Boguslav, Brusilov, Zvenigorodka, Korostyshev, Makarov, Uman', or Fastov"	-	-	C raised fourth (iv); G freygish (I)	16–27	no	"This is only the latter section of the piece with a 2/4 time signature (marked Allegro). The opening is marked ""Rubato"" and does not have a time signature."
<a  href="https://verovio.humdrum.org/?file=https://raw.githubusercontent.com/shanahdt/mode_in_klezmer/refs/heads/main/corpus/beregovski022.krn">22</a>	    Doyne	G raised fourth	listening	"Gulerman, Z."	recording	Flute	Kyiv	1935	-	Kyiv	"Boguslav, Brusilov, Zvenigorodka, Korostyshev, Makarov, Uman', or Fastov"	-	-		All raised fourth	yes	"This is only the latter section of the piece with a 2/4 time signature (marked Allegro). The opening is marked ""Rubato"" and does not have a time signature."
<a  href="https://verovio.humdrum.org/?file=https://raw.githubusercontent.com/shanahdt/mode_in_klezmer/refs/heads/main/corpus/beregovski023.krn">23</a>	    Skotshne	G freygish	listening	"Cherniavsky, B."	recording	Clarinet	Belaia Tserkov	1935	-	Kyiv	Belaia Tserkov	-	-		All freygish	yes	
<a  href="https://verovio.humdrum.org/?file=https://raw.githubusercontent.com/shanahdt/mode_in_klezmer/refs/heads/main/corpus/beregovski024.krn">24</a>	    Skotshne	G freygish	listening	"Bergelson, D."	recording	Voice	Kyiv	1931	Uman'	Kyiv	"Boguslav, Brusilov, Zvenigorodka, Korostyshev, Makarov, Uman', or Fastov"	-	-		All freygish	yes	
<a  href="https://verovio.humdrum.org/?file=https://raw.githubusercontent.com/shanahdt/mode_in_klezmer/refs/heads/main/corpus/beregovski025.krn">25</a>	    Skotshne	G freygish	listening	"Roitenberg, D."	transcription	Violin	Moscow	1926	Belarus	-	-	-	-	C minor (iv); Bb major (III); G minor (i)	6–13; 14–17; 18–25	no	"Section B (mm. 6–13) identified as C minor (iv) based on measured melodic descent from G (m. 6) to C (m. 12). There is a brief shift to D freygish (V) at the cadence in mm. 12–13, but I kept these bars with the rest of the section (criterion 1)."
<a  href="https://verovio.humdrum.org/?file=https://raw.githubusercontent.com/shanahdt/mode_in_klezmer/refs/heads/main/corpus/beregovski026.krn">26</a>	    Skotshne	G freygish	listening	"Makonovetsky, A. E. "	transcription (Makonovetsky)	Violin	Khabno	-	-	Kyiv	Khabno	A	Up M2	C minor (iv)	28–42	no	"Measures 38–40 briefly imply G freygish. The section begins with a C minor fanfare, and ends with a C minor cadence––we thus identified the section as a whole as C minor (iv) (criterion 1). "
<a  href="https://verovio.humdrum.org/?file=https://raw.githubusercontent.com/shanahdt/mode_in_klezmer/refs/heads/main/corpus/beregovski027.krn">27</a>	    Skotshne	G freygish	listening	"Shteingart, Ia."	recording	Clarinet	"Podolia, Bogopol"	1913	-	Podolia	Bogopol	-	-	C minor (iv); Bb major (III); C minor (iv); Bb major (III); G freygish (I)	18–21; 22–25; 26–29; 30–33	no	
<a  href="https://verovio.humdrum.org/?file=https://raw.githubusercontent.com/shanahdt/mode_in_klezmer/refs/heads/main/corpus/beregovski028.krn">28</a>	    Freylekhs	G freygish	listening	"Makonovetsky, A. E. "	transcription (Makonovetsky)	Violin	Khabno	-	-	Kyiv	Khabno	C	Up P4	C minor (iv); G frey (I); C major (IV); C minor (iv)	10–13; 14–25; 26–37; 38–42	no	
<a  href="https://verovio.humdrum.org/?file=https://raw.githubusercontent.com/shanahdt/mode_in_klezmer/refs/heads/main/corpus/beregovski029.krn">29</a>	    Skotshne	G freygish	listening	Anonymous	transcription	-	-	-	-	-	-	G	-		All freygish	yes	
<a  href="https://verovio.humdrum.org/?file=https://raw.githubusercontent.com/shanahdt/mode_in_klezmer/refs/heads/main/corpus/beregovski030.krn">30</a>	    Freylekhs	G freygish	listening	"Makonovetsky, A. E. "	transcription (Makonovetsky)	Violin	Khabno	-	-	Kyiv	Khabno	A	Up M2	C minor (iv); Bb major (III); G freygish (I)	10–13; 14–18	no	
<a  href="https://verovio.humdrum.org/?file=https://raw.githubusercontent.com/shanahdt/mode_in_klezmer/refs/heads/main/corpus/beregovski031.krn">31</a>	    Freylekhs	G freygish	listening	"Slobodskoi, M."	recording	Clarinet	Kyiv	1935	-	Kyiv	"Boguslav, Brusilov, Zvenigorodka, Korostyshev, Makarov, Uman', or Fastov"	C	Up P4	C minor (iv); F major (VII)	10–17; 18–23	no	Section B (mm. 10–17) includes elements of both G freygish and C minor (iv). The section is identified as C minor (iv) because of the emphasis on C at the beginning and the cadence on C.
<a  href="https://verovio.humdrum.org/?file=https://raw.githubusercontent.com/shanahdt/mode_in_klezmer/refs/heads/main/corpus/beregovski032.krn">32</a>	    Skotshne	G freygish	listening	"Sakhnovsky, B."	transcription	Violin	-	-	-	Kyiv	"Boguslav, Brusilov, Zvenigorodka, Korostyshev, Makarov, Uman', or Fastov"	E	Down m3	C major (IV); D freygish (V)	18–21; 22–26	no	
<a  href="https://verovio.humdrum.org/?file=https://raw.githubusercontent.com/shanahdt/mode_in_klezmer/refs/heads/main/corpus/beregovski033.krn">33</a>	    Lekhaim	G freygish	listening	"Magaziner, Ia. S."	transcription	Violin	Kyiv	1937	-	Kyiv	"Boguslav, Brusilov, Zvenigorodka, Korostyshev, Makarov, Uman', or Fastov"	-	-		All freygish	yes	
<a  href="https://verovio.humdrum.org/?file=https://raw.githubusercontent.com/shanahdt/mode_in_klezmer/refs/heads/main/corpus/beregovski034.krn">34</a>	    Skotshne	G freygish	listening	"Cherniavsky, B."	recording	Clarinet	Belaia Tserkov	1935	-	Kyiv	Belaia Tserkov	-	-	C minor (iv); G freygish	12–19	no	
<a  href="https://verovio.humdrum.org/?file=https://raw.githubusercontent.com/shanahdt/mode_in_klezmer/refs/heads/main/corpus/beregovski035.krn">35</a>	    Freylekhs	G freygish	listening	"Sakhnovsky, B."	transcription	Violin	-	-	-	Kyiv	"Boguslav, Brusilov, Zvenigorodka, Korostyshev, Makarov, Uman', or Fastov"	E	Down m3	C minor (iv); G freygish (I)	18–25	no	
<a  href="https://verovio.humdrum.org/?file=https://raw.githubusercontent.com/shanahdt/mode_in_klezmer/refs/heads/main/corpus/beregovski036.krn">36</a>	    Freylekhs	G freygish	listening	"Gulerman, Z."	recording	Flute	Kyiv	1935	-	Kyiv	"Boguslav, Brusilov, Zvenigorodka, Korostyshev, Makarov, Uman', or Fastov"	-	-		All freygish	yes	
<a  href="https://verovio.humdrum.org/?file=https://raw.githubusercontent.com/shanahdt/mode_in_klezmer/refs/heads/main/corpus/beregovski037.krn">37</a>	    Nign	G freygish	listening	"Komendant, M. G. "	transcription	-	Kremenets	1885	-	-	-	-	-	C minor (iv); Eb major (VI); C minor (iv)	9–12; 13–24; 25–36	no	
<a  href="https://verovio.humdrum.org/?file=https://raw.githubusercontent.com/shanahdt/mode_in_klezmer/refs/heads/main/corpus/beregovski038.krn">38</a>	    Nign	G minor	listening	"Makonovetsky, A. E. "	transcription (Makonovetsky)	Violin	Khabno	-	-	Kyiv	Khabno	D	Up P5		All minor	yes	
<a  href="https://verovio.humdrum.org/?file=https://raw.githubusercontent.com/shanahdt/mode_in_klezmer/refs/heads/main/corpus/beregovski039.krn">39</a>	    Skotshne	G minor	listening	"Magaziner, Ia. S."	transcription	Violin	Kyiv	1937	-	Kyiv	"Boguslav, Brusilov, Zvenigorodka, Korostyshev, Makarov, Uman', or Fastov"	E	Down m3		All minor	yes	"There is a lot of C minor material and a pause on Bb at the end of section B, but the  only definitive cadences are in G minor. "
<a  href="https://verovio.humdrum.org/?file=https://raw.githubusercontent.com/shanahdt/mode_in_klezmer/refs/heads/main/corpus/beregovski040.krn">40</a>	    Skotshne	G minor	listening	Knaifel	transcription	Bass	Vinnitsa	1937	-	Vinnitsa	-	A	Up M2	Bb major (III); G minor (i)	18–28	no	
<a  href="https://verovio.humdrum.org/?file=https://raw.githubusercontent.com/shanahdt/mode_in_klezmer/refs/heads/main/corpus/beregovski041.krn">41</a>	    Freylekhs	G minor	listening	"Cherniavsky, B."	recording	Clarinet	Belaia Tserkov	1935	-	Kyiv	Belaia Tserkov	G	-		All minor	yes	
<a  href="https://verovio.humdrum.org/?file=https://raw.githubusercontent.com/shanahdt/mode_in_klezmer/refs/heads/main/corpus/beregovski042.krn">42</a>	    Skotshne	G minor	listening	"Sakhnovsky, B."	transcription	Violin	-	-	-	Kyiv	"Boguslav, Brusilov, Zvenigorodka, Korostyshev, Makarov, Uman', or Fastov"	A	Up M2	Bb major (III); G minor (i); D freygish (V); G minor (i)	29–36; 37–40; 41-44	no	
<a  href="https://verovio.humdrum.org/?file=https://raw.githubusercontent.com/shanahdt/mode_in_klezmer/refs/heads/main/corpus/beregovski043.krn">43</a>	    Skotshne	G minor	listening	"Sakhnovsky, B."	transcription	Violin	-	-	-	Kyiv	"Boguslav, Brusilov, Zvenigorodka, Korostyshev, Makarov, Uman', or Fastov"	D	Up P5	Bb major (III); G minor	13–18	no	
<a  href="https://verovio.humdrum.org/?file=https://raw.githubusercontent.com/shanahdt/mode_in_klezmer/refs/heads/main/corpus/beregovski044.krn">44</a>	    Skotshne	G minor	listening	"Ziserman, V."	transcription	Bass	Vinnitsa	1932	-	Vinnitsa	-	G	-		All minor	yes	
<a  href="https://verovio.humdrum.org/?file=https://raw.githubusercontent.com/shanahdt/mode_in_klezmer/refs/heads/main/corpus/beregovski045.krn">45</a>	    Skotshne	G minor	listening	"Slobodskoi, M."	recording	Clarinet	Kyiv	1935	-	Kyiv	"Boguslav, Brusilov, Zvenigorodka, Korostyshev, Makarov, Uman', or Fastov"	G	-	G freygish (I); G minor (i); Bb major (III); G minor (i)	10–17; 18–21; 22–26	no	
<a  href="https://verovio.humdrum.org/?file=https://raw.githubusercontent.com/shanahdt/mode_in_klezmer/refs/heads/main/corpus/beregovski046.krn">46</a>	    Skotshne	G minor	listening	"Makonovetsky, A. E. "	transcription (Makonovetsky)	Violin	Khabno	-	-	Kyiv	Khabno	A	Up M2	Bb major (III); G minor (i)	10–13	no	
<a  href="https://verovio.humdrum.org/?file=https://raw.githubusercontent.com/shanahdt/mode_in_klezmer/refs/heads/main/corpus/beregovski047.krn">47</a>	    Skotshne	G raised fourth	listening	"Makonovetsky, A. E. "	transcription (Makonovetsky)	Violin	Khabno	-	-	Kyiv	Khabno	D	Up P5	G major (I); G raised fourth	13–20	no	"Beregovski groups this with a set of minor tunes, but the opening and closing both imply G raised fourth with prominent C#s and E naturals. "
<a  href="https://verovio.humdrum.org/?file=https://raw.githubusercontent.com/shanahdt/mode_in_klezmer/refs/heads/main/corpus/beregovski048.krn">48</a>	    Skotshne	G minor	listening	Anonymous	transcription	Violin	Kyiv	1929	-	Unknown	-	-	-	Bb major (III); G minor (i)	18–25	no	
<a  href="https://verovio.humdrum.org/?file=https://raw.githubusercontent.com/shanahdt/mode_in_klezmer/refs/heads/main/corpus/beregovski049.krn">49</a>	    Freylekhs	G minor	listening	"Cherniavsky, B."	recording	Clarinet	Belaia Tserkov	1935	-	Kyiv	Belaia Tserkov	G	-	Bb major (III)	25–31	no	
<a  href="https://verovio.humdrum.org/?file=https://raw.githubusercontent.com/shanahdt/mode_in_klezmer/refs/heads/main/corpus/beregovski050.krn">50</a>	    Skotshne	G minor	listening	"Gershfeld, G."	transcription	-	Tiraspol	1937	-	Kyiv	Berdichev	-	-	Bb major (III); G minor (i)	9–17	no	
<a  href="https://verovio.humdrum.org/?file=https://raw.githubusercontent.com/shanahdt/mode_in_klezmer/refs/heads/main/corpus/beregovski051.krn">51</a>	    Skotshne	G minor	listening		transcription	Violin	Tiraspol	1937	-	Kyiv	Berdichev	-	-	Bb major (III); G minor (i); Bb major (III); G minor (i)	22–27; 28–29; 30–31	no	
<a  href="https://verovio.humdrum.org/?file=https://raw.githubusercontent.com/shanahdt/mode_in_klezmer/refs/heads/main/corpus/beregovski052.krn">52</a>	    Skotshne	G minor	listening		transcription	Violin	Tiraspol	1937	-	Kyiv	Berdichev	-	-	Bb major (III); G minor	13–18	no	
<a  href="https://verovio.humdrum.org/?file=https://raw.githubusercontent.com/shanahdt/mode_in_klezmer/refs/heads/main/corpus/beregovski053.krn">53</a>	    Skotshne	G minor	listening	"Cherniavsky, B."	recording	Clarinet	Belaia Tserkov	1935	-	Kyiv	Belaia Tserkov	G	-	Bb major (III)	9–16	no	
<a  href="https://verovio.humdrum.org/?file=https://raw.githubusercontent.com/shanahdt/mode_in_klezmer/refs/heads/main/corpus/beregovski054.krn">54</a>	    Skotshne	G raised fourth	listening	"Sakhnovsky, B."	transcription	Violin	-	-	-	Kyiv	"Boguslav, Brusilov, Zvenigorodka, Korostyshev, Makarov, Uman', or Fastov"	G	-	G major (I); G raised fourth (i); G major (I)	18–26; 27–54; 55–72	no	
<a  href="https://verovio.humdrum.org/?file=https://raw.githubusercontent.com/shanahdt/mode_in_klezmer/refs/heads/main/corpus/beregovski055.krn">55</a>	    Skotshne	G raised fourth	listening	"Sakhnovsky, B."	transcription	Violin	-	-	-	Kyiv	"Boguslav, Brusilov, Zvenigorodka, Korostyshev, Makarov, Uman', or Fastov"	G	-	G freygish (I); C major (IV); G freygish (I)	15–23; 24–31; 32–39	no	
<a  href="https://verovio.humdrum.org/?file=https://raw.githubusercontent.com/shanahdt/mode_in_klezmer/refs/heads/main/corpus/beregovski056.krn">56</a>	    Skotshne	G raised fourth	listening	"Altman, L. "	transcription	Viola	Tiraspol	1936	-	Kyiv	Berdichev	-	-	G minor (i)	1–8	no	
<a  href="https://verovio.humdrum.org/?file=https://raw.githubusercontent.com/shanahdt/mode_in_klezmer/refs/heads/main/corpus/beregovski057.krn">57</a>	    Skotshne	G raised fourth	listening	"Cherniavsky, B."	recording	Clarinet	Belaia Tserkov	1935	-	Kyiv	Belaia Tserkov	G	-	G major (I); G raised fourth (i); G major (I); G raised fourth (i); G major (I); G raised fourth (i)	10–25; 26–37; 38–53; 54–73; 74–89	no	
<a  href="https://verovio.humdrum.org/?file=https://raw.githubusercontent.com/shanahdt/mode_in_klezmer/refs/heads/main/corpus/beregovski058.krn">58</a>	    Freylekhs (fun der khupe)	G raised fourth	listening	"Gulerman, Z."	recording	Flute	Kyiv	1935	-	Kyiv	"Boguslav, Brusilov, Zvenigorodka, Korostyshev, Makarov, Uman', or Fastov"	G	-	G minor (i); G raised fourth (i)	17–27	no	
<a  href="https://verovio.humdrum.org/?file=https://raw.githubusercontent.com/shanahdt/mode_in_klezmer/refs/heads/main/corpus/beregovski059.krn">59</a>	    Skotshne	G raised fourth	listening	Anonymous	transcription	-	-	-	-	Unknown	-	D	Up P5		All raised fourth	yes	
<a  href="https://verovio.humdrum.org/?file=https://raw.githubusercontent.com/shanahdt/mode_in_klezmer/refs/heads/main/corpus/beregovski060.krn">60</a>	    Skotshne	G raised fourth	listening	"Makonovetsky, A. E. "	transcription (Makonovetsky)	Violin	Khabno	-	-	Kyiv	Khabno	A	Up M2	G minor (i)	13–20	no	
<a  href="https://verovio.humdrum.org/?file=https://raw.githubusercontent.com/shanahdt/mode_in_klezmer/refs/heads/main/corpus/beregovski061.krn">61</a>	    Gas-nign	G freygish	listening	"Barkagan, G."	recording	Clarinet	"Kalinindorf, Nikolaev"	1936	-	Old Jewish Agricultural Colonies	Kalinindorf	-	-	C minor (iv); G freygish (I)	1–8	no	
<a  href="https://verovio.humdrum.org/?file=https://raw.githubusercontent.com/shanahdt/mode_in_klezmer/refs/heads/main/corpus/beregovski062.krn">62</a>	    Gas-nign	G freygish	listening	"Makonovetsky, A. E. "	transcription (Makonovetsky)	Violin	Khabno	-	-	Kyiv	Khabno	A	Up M2	F major (VII); G freygish (I)	20–27	no	
<a  href="https://verovio.humdrum.org/?file=https://raw.githubusercontent.com/shanahdt/mode_in_klezmer/refs/heads/main/corpus/beregovski063.krn">63</a>	    Gas-nign	G freygish	listening	"Makonovetsky, A. E. "	transcription (Makonovetsky)	Violin	Khabno	-	-	Kyiv	Khabno	A	Up M2	F major (VII); G freygish (I)	17–22	no	
<a  href="https://verovio.humdrum.org/?file=https://raw.githubusercontent.com/shanahdt/mode_in_klezmer/refs/heads/main/corpus/beregovski064.krn">64</a>	    Gas-nign	G freygish	listening	"Gershfeld, G."	transcription	Violin	Tiraspol	1937	-	Kyiv	Berdichev	G	-	C major (IV); C minor (iv); G freygish (I)	17–20; 21–24	no	
<a  href="https://verovio.humdrum.org/?file=https://raw.githubusercontent.com/shanahdt/mode_in_klezmer/refs/heads/main/corpus/beregovski065.krn">65</a>	    Gas-nign	G freygish	listening	"Beliavsky, F."	recording	Clarinet	Belaia Tserkov	1935	-	Kyiv	Belaia Tserkov	G	-	F major (VII); G freygish (I); F major (VII); G freygish (I)	17–22; 23–24; 25–30	no	Meausres 23–24 are analogous to mm. 31–32; both are cadences that introduce a new pitch collection.
<a  href="https://verovio.humdrum.org/?file=https://raw.githubusercontent.com/shanahdt/mode_in_klezmer/refs/heads/main/corpus/beregovski066.krn">66</a>	    Gas-nign	G freygish	listening	"Diamant, M."	recording	-	Kyiv	1932	Warsaw	-	-	A	Up M2		All freygish	yes	
<a  href="https://verovio.humdrum.org/?file=https://raw.githubusercontent.com/shanahdt/mode_in_klezmer/refs/heads/main/corpus/beregovski067.krn">67</a>	    Gas-nign	G freygish	listening	"Makonovetsky, A. E. "	transcription (Makonovetsky)	Violin	Khabno	-	-	Kyiv	Khabno	A	Up M2	C minor (iv); G freygish (I)	17–25	no	
<a  href="https://verovio.humdrum.org/?file=https://raw.githubusercontent.com/shanahdt/mode_in_klezmer/refs/heads/main/corpus/beregovski068.krn">68</a>	    Gas-nign	G freygish	listening	"Sakhnovsky, B."	transcription	Violin	-	-	-	Kyiv	"Boguslav, Brusilov, Zvenigorodka, Korostyshev, Makarov, Uman', or Fastov"	D	Up P5		All freygish	yes	
<a  href="https://verovio.humdrum.org/?file=https://raw.githubusercontent.com/shanahdt/mode_in_klezmer/refs/heads/main/corpus/beregovski069.krn">69</a>	    Gas-nign	G freygish	listening	"Makonovetsky, A. E. "	transcription (Makonovetsky)	Violin	Khabno	-	-	Kyiv	Khabno	A	Up M2	C raised fourth (iv)	18–25	no	"Passages throughout the tune focus on the upper pentachord <D, Eb, F#, G, A>. Section C (mm. 18–25), however, focuses more on this upper range and extends at a key moment down to C. We have therefore identified it as C raised fourth. Horowitz (1993, 20–23) identifies the mode of this section as C raised fourth, while also noting that it could be analyzed as D freygish. "
<a  href="https://verovio.humdrum.org/?file=https://raw.githubusercontent.com/shanahdt/mode_in_klezmer/refs/heads/main/corpus/beregovski070.krn">70</a>	    Gas-nign	G freygish	listening	"Makonovetsky, A. E. "	transcription (Makonovetsky)	Violin	Khabno	-	-	Kyiv	Khabno	A	Up M2	C minor (iv); G freygish (I); C major (IV)	21–24; 25–32; 33–48	no	
<a  href="https://verovio.humdrum.org/?file=https://raw.githubusercontent.com/shanahdt/mode_in_klezmer/refs/heads/main/corpus/beregovski071.krn">71</a>	    Gas-nign	G minor	listening	"Makonovetsky, A. E. "	transcription (Makonovetsky)	Violin	Khabno	-	-	Kyiv	Khabno	C	Up P4	Bb major (III); G minor (i); Bb major (III); G minor (i)	1–8; 9–16; 17–24	no	
<a  href="https://verovio.humdrum.org/?file=https://raw.githubusercontent.com/shanahdt/mode_in_klezmer/refs/heads/main/corpus/beregovski072.krn">72</a>	    Gas-nign	G minor	listening	"Sakhnovsky, B."	transcription	Violin	-	-	-	Kyiv	"Boguslav, Brusilov, Zvenigorodka, Korostyshev, Makarov, Uman', or Fastov"	D	Up P5	Bb major (III); G minor (i)	9–16	no	
<a  href="https://verovio.humdrum.org/?file=https://raw.githubusercontent.com/shanahdt/mode_in_klezmer/refs/heads/main/corpus/beregovski073.krn">73</a>	    Gas-nign	G minor	listening	"Makonovetsky, A. E. "	transcription (Makonovetsky)	Violin	Khabno	-	-	Kyiv	Khabno	B	Up M3	Bb major (III); G minor (i)	20–27	no	
<a  href="https://verovio.humdrum.org/?file=https://raw.githubusercontent.com/shanahdt/mode_in_klezmer/refs/heads/main/corpus/beregovski074.krn">74</a>	    Gas-nign	G minor	listening	"Cherniavsky, B."	recording	Clarinet	Belaia	1935	-	Kyiv	Belaia Tserkov	A	Up M2	Bb major (III); G minor (i)	17–28	no	
<a  href="https://verovio.humdrum.org/?file=https://raw.githubusercontent.com/shanahdt/mode_in_klezmer/refs/heads/main/corpus/beregovski075.krn">75</a>	    Gas-nign	G minor	listening	"Barkagan, G."	transcription	Clarinet	"Kalinindorf, Nikolaev"	1936	-	Old Jewish Agricultural Colonies	Kalinindorf	A	Up M2	C minor (iv); Bb major (III);  G minor (i)	18–24; 25–38	no	
<a  href="https://verovio.humdrum.org/?file=https://raw.githubusercontent.com/shanahdt/mode_in_klezmer/refs/heads/main/corpus/beregovski076.krn">76</a>	    Gas-nign	G minor	listening	"Makonovetsky, A. E. "	transcription (Makonovetsky)	Violin	Khabno	-	-	Kyiv	Khabno	D	Up P5		All minor	yes	
<a  href="https://verovio.humdrum.org/?file=https://raw.githubusercontent.com/shanahdt/mode_in_klezmer/refs/heads/main/corpus/beregovski077.krn">77</a>	    Gas-nign	G minor	listening	"Melamed, R."	recording	Voice	"Novo-Zlatopol, Dnepropetrovsk"	1937	-	Old Jewish Agricultural Colonies	Novozlatopol	-	-	C minor (iv); Bb major (III); G minor (i)	1–4; 5–8	no	
<a  href="https://verovio.humdrum.org/?file=https://raw.githubusercontent.com/shanahdt/mode_in_klezmer/refs/heads/main/corpus/beregovski078.krn">78</a>	    Gas-nign	G minor	listening	"Karlyk, Ia."	recording	-	"Dzhelal, Crimea"	1937	"Boguslav, Kyiv"	Kyiv	"Boguslav, Brusilov, Zvenigorodka, Korostyshev, Makarov, Uman', or Fastov"	-	-	Bb major (III)	8–15	no	
<a  href="https://verovio.humdrum.org/?file=https://raw.githubusercontent.com/shanahdt/mode_in_klezmer/refs/heads/main/corpus/beregovski079.krn">79</a>	    A gute nakht	G freygish	listening	"Gershfeld, G."	transcription	Violin	Tiraspol	1937	-	Kyiv	Berdichev	D	Up P5		All freygish	yes	Section B begins with two bar segments of C raised fourth and Bb major. I interpret these as local gestures in the context of the full eight-bar phrase. 
<a  href="https://verovio.humdrum.org/?file=https://raw.githubusercontent.com/shanahdt/mode_in_klezmer/refs/heads/main/corpus/beregovski080.krn">80</a>	    A gute nakht	G minor	listening	"Gershfeld, G."	transcription	Violin	Tiraspol	1937	-	Kyiv	Berdichev	D	Up P5		All minor	yes	
<a  href="https://verovio.humdrum.org/?file=https://raw.githubusercontent.com/shanahdt/mode_in_klezmer/refs/heads/main/corpus/beregovski081.krn">81</a>	    Zay gezunt	G freygish	listening	"Makonovetsky, A. E. "	transcription (Makonovetsky)	Violin	Khabno	-	-	Kyiv	Khabno	G	-		All freygish	yes	
<a  href="https://verovio.humdrum.org/?file=https://raw.githubusercontent.com/shanahdt/mode_in_klezmer/refs/heads/main/corpus/beregovski082.krn">82</a>	    Zay gezunt	G freygish	listening	"Barkagan, G."	transcription	Clarinet	"Kalinindorf, Nikolaev"	1936	-	Old Jewish Agricultural Colonies	Kalinindorf	G	-	C minor (iv)	9–16	no	
<a  href="https://verovio.humdrum.org/?file=https://raw.githubusercontent.com/shanahdt/mode_in_klezmer/refs/heads/main/corpus/beregovski083.krn">83</a>	    Zay gezunt	G minor	listening	"Makonovetsky, A. E. "	transcription (Makonovetsky)	Violin	Khabno	-	-	Kyiv	Khabno	D	Up P5	Bb major (III); G minor (i); Bb major (III); G minor (i); Bb major (III); G minor (i)	1–6; 7–8; 9–14; 15–18; 19–20; 21–24	no	I have tagged two-bar shifts at cadences throughoout. 
<a  href="https://verovio.humdrum.org/?file=https://raw.githubusercontent.com/shanahdt/mode_in_klezmer/refs/heads/main/corpus/beregovski084.krn">84</a>	    Zay gezunt	G minor	listening	"Makonovetsky, A. E. "	transcription (Makonovetsky)	Violin	Khabno	-	-	Kyiv	Khabno	D	Up P5		All minor	yes	There are amibiguities between the minor and raised fourth modes. One could identify both sections in eithe mode. Beregovski groups this with other minor tunes; I have tagged it accordingly.
<a  href="https://verovio.humdrum.org/?file=https://raw.githubusercontent.com/shanahdt/mode_in_klezmer/refs/heads/main/corpus/beregovski085.krn">85</a>	    Redl	G freygish	dance	Anonymous	transcription	-	Liubavichi	1913	-	Various Cities and Towns	-	-	-		All freygish	yes	
<a  href="https://verovio.humdrum.org/?file=https://raw.githubusercontent.com/shanahdt/mode_in_klezmer/refs/heads/main/corpus/beregovski086.krn">86</a>	    Freylekhs	G freygish	dance	"Slobodskoi, M."	recording	Clarinet	Kyiv	1935	-	Kyiv	"Boguslav, Brusilov, Zvenigorodka, Korostyshev, Makarov, Uman', or Fastov"	A	Up M2		All freygish	yes	
<a  href="https://verovio.humdrum.org/?file=https://raw.githubusercontent.com/shanahdt/mode_in_klezmer/refs/heads/main/corpus/beregovski087.krn">87</a>	    Freylekhs	G freygish	dance	"Slobodskoi, M."	recording	Clarinet	Kyiv	1935	-	Kyiv	"Boguslav, Brusilov, Zvenigorodka, Korostyshev, Makarov, Uman', or Fastov"	-	-	F major (VII); G freygish	10–14	no	
<a  href="https://verovio.humdrum.org/?file=https://raw.githubusercontent.com/shanahdt/mode_in_klezmer/refs/heads/main/corpus/beregovski088.krn">88</a>	    Freylekhs	G freygish	dance	"Gershfeld, G."	transcription	Violin	Tiraspol	1937	-	Kyiv	Berdichev	A	Up M2	Eb major; C raised fourth (iv); G freygish (I)	"14–17, 18–22"	no	"Measures 14–17 could be identified as C minor (iv), a typical move. Here we identify them as Eb major (VI) because there is no C. See the same analysis in Horowitz 1993, 39. "
<a  href="https://verovio.humdrum.org/?file=https://raw.githubusercontent.com/shanahdt/mode_in_klezmer/refs/heads/main/corpus/beregovski089.krn">89</a>	    Tants	G freygish	dance	"Barkagan, G."	transcription	Clarinet	"Kalinindorf, Nikolaev"	1936	-	Old Jewish Agricultural Colonies	Kalinindorf	D	Up P5		All freygish	yes	
<a  href="https://verovio.humdrum.org/?file=https://raw.githubusercontent.com/shanahdt/mode_in_klezmer/refs/heads/main/corpus/beregovski090.krn">90</a>	    Freylekhs	G freygish	dance	"Grudsky, L."	transcription	Violin	Kherson	1933	-	Old Jewish Agricultural Colonies	-	D	Up P5	C major (IV); D freygish (V); G freygish (I)	17–20; 21–24	no	
<a  href="https://verovio.humdrum.org/?file=https://raw.githubusercontent.com/shanahdt/mode_in_klezmer/refs/heads/main/corpus/beregovski091.krn">91</a>	    Freylekhs	G freygish	dance	"Sakhnovsky, B."	transcription	Violin	-	-	-	Kyiv	"Boguslav, Brusilov, Zvenigorodka, Korostyshev, Makarov, Uman', or Fastov"	D	Up P5		All freygish	yes	
<a  href="https://verovio.humdrum.org/?file=https://raw.githubusercontent.com/shanahdt/mode_in_klezmer/refs/heads/main/corpus/beregovski092.krn">92</a>	    Freylekhs	G freygish	dance	"Makonovetsky, A. E. "	transcription (Makonovetsky)	Violin	Khabno	-	-	Kyiv	Khabno	D	Up P5		All freygish	yes	
<a  href="https://verovio.humdrum.org/?file=https://raw.githubusercontent.com/shanahdt/mode_in_klezmer/refs/heads/main/corpus/beregovski093.krn">93</a>	    Skotshne	G freygish	dance	"Sakhnovsky, B."	transcription	Violin	-	-	-	Kyiv	"Boguslav, Brusilov, Zvenigorodka, Korostyshev, Makarov, Uman', or Fastov"	A	Up M2		All freygish	yes	
<a  href="https://verovio.humdrum.org/?file=https://raw.githubusercontent.com/shanahdt/mode_in_klezmer/refs/heads/main/corpus/beregovski094.krn">94</a>	    Freylekhs	G freygish	dance	"Pivovarov, M."	recording	-	"Bobrovyi, Kalinindorf, Nikolaev"	1936	-	Old Jewish Agricultural Colonies	Kalinindorf	-	-		All freygish	yes	
<a  href="https://verovio.humdrum.org/?file=https://raw.githubusercontent.com/shanahdt/mode_in_klezmer/refs/heads/main/corpus/beregovski095.krn">95</a>	    Freylekhs	G freygish	dance	"Dulitsky, B."	recording	Clarinet	Kyiv	1935	-	Kyiv	"Boguslav, Brusilov, Zvenigorodka, Korostyshev, Makarov, Uman', or Fastov"	A	Up M2	C minor (iv); G freygish (I)	10–18	no	
<a  href="https://verovio.humdrum.org/?file=https://raw.githubusercontent.com/shanahdt/mode_in_klezmer/refs/heads/main/corpus/beregovski096.krn">96</a>	    Freylekhs	G freygish	dance	"Barkagan, G."	transcription	Clarinet	"Kalinindorf, Nikolaev"	1936	-	Old Jewish Agricultural Colonies	Kalinindorf	A	Up M2		All freygish	yes	
<a  href="https://verovio.humdrum.org/?file=https://raw.githubusercontent.com/shanahdt/mode_in_klezmer/refs/heads/main/corpus/beregovski097.krn">97</a>	    Freylekhs	G freygish	dance	"Slobodskoi, M."	recording	Clarinet	Kyiv	1935	-	Kyiv	"Boguslav, Brusilov, Zvenigorodka, Korostyshev, Makarov, Uman', or Fastov"	G	-	C minor (iv)	10–17	no	Section B (mm. 10–17) emphasize F but then settle on C in both halves of the phrase. The section is thus identified as C minor (iv).
<a  href="https://verovio.humdrum.org/?file=https://raw.githubusercontent.com/shanahdt/mode_in_klezmer/refs/heads/main/corpus/beregovski098.krn">98</a>	    Freylekhs	G freygish	dance	Anonymous	transcription	-	-	-	-	Unknown	-	D	Up P5		All freygish	yes	
<a  href="https://verovio.humdrum.org/?file=https://raw.githubusercontent.com/shanahdt/mode_in_klezmer/refs/heads/main/corpus/beregovski099.krn">99</a>	    Hopke	G freygish	dance	"Makonovetsky, A. E. "	transcription (Makonovetsky)	Violin	Khabno	-	-	Kyiv	Khabno	C	Up P4		All freygish	yes	
<a  href="https://verovio.humdrum.org/?file=https://raw.githubusercontent.com/shanahdt/mode_in_klezmer/refs/heads/main/corpus/beregovski100.krn">100</a	    Freylekhs	G freygish	dance	"Mesman, V."	transcription	-	-	-	-	Unknown	-	G	-		All freygish	yes	
<a  href="https://verovio.humdrum.org/?file=https://raw.githubusercontent.com/shanahdt/mode_in_klezmer/refs/heads/main/corpus/beregovski101.krn">101</a	    Skotshne	G minor	dance	Anonymous	transcription	-	-	-	-	Kyiv	"Khabno, Korosten', and Radomysl'"	-	-	G major (I); G minor (i)	1–9	no	
<a  href="https://verovio.humdrum.org/?file=https://raw.githubusercontent.com/shanahdt/mode_in_klezmer/refs/heads/main/corpus/beregovski102.krn">102</a	    Hopke	G freygish	dance	"Makonovetsky, A. E. "	transcription (Makonovetsky)	Violin	Khabno	-	-	Kyiv	Khabno	A	Up M2	F major (VII); G freygish (I); C major (IV); D freygish (V); G freygish (I)	10–15; 16–18; 19–25; 26–28	no	
<a  href="https://verovio.humdrum.org/?file=https://raw.githubusercontent.com/shanahdt/mode_in_klezmer/refs/heads/main/corpus/beregovski103.krn">103</a	    Freylekhs	G freygish	dance	"Svitelsky, F."	transcription	Violin	Kyiv	1933	-	Kyiv	"Boguslav, Brusilov, Zvenigorodka, Korostyshev, Makarov, Uman', or Fastov"	-	-	F major (VII); G freygish (I); F major (VII)	5–10; 11–12; 13–24	no	
<a  href="https://verovio.humdrum.org/?file=https://raw.githubusercontent.com/shanahdt/mode_in_klezmer/refs/heads/main/corpus/beregovski104.krn">104</a	    Freylekhs	G freygish	dance	"Sakhnovsky, B."	transcription	Violin	-	-	-	Kyiv	"Boguslav, Brusilov, Zvenigorodka, Korostyshev, Makarov, Uman', or Fastov"	A	Up M2	Bb major (III); G freygish	11–16	no	
<a  href="https://verovio.humdrum.org/?file=https://raw.githubusercontent.com/shanahdt/mode_in_klezmer/refs/heads/main/corpus/beregovski105.krn">105</a	    Skotshne	G raised fourth	dance	"Ziserman, V."	transcription	Bass	Vinnitsa	1932	-	Vinnitsa	-	G	-		All raised fourth	yes	
<a  href="https://verovio.humdrum.org/?file=https://raw.githubusercontent.com/shanahdt/mode_in_klezmer/refs/heads/main/corpus/beregovski106.krn">106</a	    Freylekhs	G raised fourth	dance	"Cherniavsky, B."	recording	Clarinet	Belaia Tserkov	1935	-	Kyiv	Belaia Tserkov	G	-		All raised fourth	yes	
<a  href="https://verovio.humdrum.org/?file=https://raw.githubusercontent.com/shanahdt/mode_in_klezmer/refs/heads/main/corpus/beregovski107.krn">107</a	    Karahod	G raised fourth	dance	"Makonovetsky, A. E. "	transcription (Makonovetsky)	Violin	Khabno	-	-	Kyiv	Khabno	C	Up P4		All raised fourth	yes	
<a  href="https://verovio.humdrum.org/?file=https://raw.githubusercontent.com/shanahdt/mode_in_klezmer/refs/heads/main/corpus/beregovski108.krn">108</a	    Freylekhs	G raised fourth	dance	"Cherniavsky, B."	recording	Clarinet	Belaia Tserkov	1935	-	Kyiv	Belaia Tserkov	B	Up M3		All raised fourth	yes	
<a  href="https://verovio.humdrum.org/?file=https://raw.githubusercontent.com/shanahdt/mode_in_klezmer/refs/heads/main/corpus/beregovski109.krn">109</a	    Skotshne	G raised fourth	dance	"Dulitsky, B."	recording	Clarinet	Kyiv	1935	-	Kyiv	"Boguslav, Brusilov, Zvenigorodka, Korostyshev, Makarov, Uman', or Fastov"	B	Up M3		All raised fourth	yes	
<a  href="https://verovio.humdrum.org/?file=https://raw.githubusercontent.com/shanahdt/mode_in_klezmer/refs/heads/main/corpus/beregovski110.krn">110</a	    Freylekhs	G raised fourth	dance	"Barkagan, G."	transcription	Clarinet	"Kalinindorf, Nikolaev"	1936	-	Old Jewish Agricultural Colonies	Kalinindorf	E	Up M6		All raised fourth	yes	
<a  href="https://verovio.humdrum.org/?file=https://raw.githubusercontent.com/shanahdt/mode_in_klezmer/refs/heads/main/corpus/beregovski111.krn">111</a	    Freylekhs	G raised fourth	dance	"Cherniavsky, B."	recording	Clarinet	Belaia Tserkov	1935	-	Kyiv	Belaia Tserkov	G	-	Bb major (III)	19–28	no	
<a  href="https://verovio.humdrum.org/?file=https://raw.githubusercontent.com/shanahdt/mode_in_klezmer/refs/heads/main/corpus/beregovski112.krn">112</a	    Freylekhs	G raised fourth	dance	"Makonovetsky, A. E. "	transcription (Makonovetsky)	Violin	Khabno	-	-	Kyiv	Khabno	G	-	G major (I)	10–17	no	
<a  href="https://verovio.humdrum.org/?file=https://raw.githubusercontent.com/shanahdt/mode_in_klezmer/refs/heads/main/corpus/beregovski113.krn">113</a	    Skotshne	G raised fourth	dance	"Cherniavsky, B."	recording	Clarinet	Belaia Tserkov	1935	-	Kyiv	Belaia Tserkov	G	-	G major (I); G raised fourth (i)	25–48	no	
<a  href="https://verovio.humdrum.org/?file=https://raw.githubusercontent.com/shanahdt/mode_in_klezmer/refs/heads/main/corpus/beregovski114.krn">114</a	    Freylekhs	G raised fourth	dance	"Makonovetsky, A. E. "	transcription (Makonovetsky)	Violin	Khabno	-	-	Kyiv	Khabno	G	-	G minor (i); G raised fourth (i); G major (I); G minor (i)	1–6; 7–39; 40–52; 53–60	no	
<a  href="https://verovio.humdrum.org/?file=https://raw.githubusercontent.com/shanahdt/mode_in_klezmer/refs/heads/main/corpus/beregovski115.krn">115</a	    Skotshne	G raised fourth	dance	"Sakhnovsky, B."	transcription	Violin	-	-	-	Kyiv	"Boguslav, Brusilov, Zvenigorodka, Korostyshev, Makarov, Uman', or Fastov"	C	Up P4	G major (I); G raised fourth (i)	22–27	no	
<a  href="https://verovio.humdrum.org/?file=https://raw.githubusercontent.com/shanahdt/mode_in_klezmer/refs/heads/main/corpus/beregovski116.krn">116</a	    Skotshne	G raised fourth	dance	"Makonovetsky, A. E. "	transcription (Makonovetsky)	Violin	Khabno	-	-	Kyiv	Khabno	G	-	G major (I); G raised fourth (i)	18–23	no	
<a  href="https://verovio.humdrum.org/?file=https://raw.githubusercontent.com/shanahdt/mode_in_klezmer/refs/heads/main/corpus/beregovski117.krn">117</a	    Freylekhs	G raised fourth	dance	"Gershfeld, G."	transcription	Violin	Tiraspol	1937	-	Kyiv	Berdichev	D	Up P5	G major (I); G raised fourth (i)	9–13	no	
<a  href="https://verovio.humdrum.org/?file=https://raw.githubusercontent.com/shanahdt/mode_in_klezmer/refs/heads/main/corpus/beregovski118.krn">118</a	    Freylekhs	G raised fourth	dance	"Berezin, Ia."	transcription	Clarinet	Tiraspol	1937	-	Various Cities and Towns	-	C	Up P4	G major (I); G raised fourth (i)	9–16	no	
<a  href="https://verovio.humdrum.org/?file=https://raw.githubusercontent.com/shanahdt/mode_in_klezmer/refs/heads/main/corpus/beregovski119.krn">119</a	    Freylekhs	G raised fourth	dance	"Barkagan, G."	transcription	Clarinet	"Kalinindorf, Nikolaev"	1936	-	Old Jewish Agricultural Colonies	Kalinindorf	-	-	G major (I)	14–22	no	
<a  href="https://verovio.humdrum.org/?file=https://raw.githubusercontent.com/shanahdt/mode_in_klezmer/refs/heads/main/corpus/beregovski120.krn">120</a	    Freylekhs	G raised fourth	dance	"Barkagan, G."	transcription	Clarinet	"Kalinindorf, Nikolaev"	1936	-	Old Jewish Agricultural Colonies	Kalinindorf	D	Up P5		All raised fourth	yes	
<a  href="https://verovio.humdrum.org/?file=https://raw.githubusercontent.com/shanahdt/mode_in_klezmer/refs/heads/main/corpus/beregovski121.krn">121</a	    Freylekhs (Karahod)	G minor	dance	"Rabinovich, I. S."	transcription	Piano	Kyiv	1937	"Pereiaslav, Poltava"	Various Cities and Towns	-	-	-	Bb major (III); G minor (i); Bb major (III)	1–6; 7–12; 13–22	no	
<a  href="https://verovio.humdrum.org/?file=https://raw.githubusercontent.com/shanahdt/mode_in_klezmer/refs/heads/main/corpus/beregovski122.krn">122</a	    Freylekhs	G minor	dance	Knaifel	transcription	Bass	Vinnitsa	1937	-	Vinnitsa	-	D	Up P5		All minor	yes	
<a  href="https://verovio.humdrum.org/?file=https://raw.githubusercontent.com/shanahdt/mode_in_klezmer/refs/heads/main/corpus/beregovski123.krn">123</a	    Skotshne	G minor	dance	"Ziserman, V."	transcription	Bass	Vinnitsa	1932	-	Vinnitsa	-	D	Up P5	Bb major (III); G minor (i)	18–29	no	G minor is identified starting in m. 30; this is part of a phrase that leads towards the strong cadence in G minor.
<a  href="https://verovio.humdrum.org/?file=https://raw.githubusercontent.com/shanahdt/mode_in_klezmer/refs/heads/main/corpus/beregovski124.krn">124</a	    Skotshne	G minor	dance	Anonymous	transcription	-	-	-	-	Unknown	-	A	Up M2	C minor (iv);  Bb major (III); G minor (i)	21–28; 29–40	no	
<a  href="https://verovio.humdrum.org/?file=https://raw.githubusercontent.com/shanahdt/mode_in_klezmer/refs/heads/main/corpus/beregovski125.krn">125</a	    Freylekhs	G minor	dance	"Svitelsky, F."	transcription	Violin	Kyiv	1933	-	Kyiv	"Boguslav, Brusilov, Zvenigorodka, Korostyshev, Makarov, Uman', or Fastov"	-	-		All minor	yes	
<a  href="https://verovio.humdrum.org/?file=https://raw.githubusercontent.com/shanahdt/mode_in_klezmer/refs/heads/main/corpus/beregovski126.krn">126</a	    Freylekhs	G freygish	dance	"Pulver, L. M."	recording	Violin	Kyiv	1929	-	Kyiv	"Boguslav, Brusilov, Zvenigorodka, Korostyshev, Makarov, Uman', or Fastov"	D	Down P4	C raised fourth (iv); G freygish (I)	1–13	no	
<a  href="https://verovio.humdrum.org/?file=https://raw.githubusercontent.com/shanahdt/mode_in_klezmer/refs/heads/main/corpus/beregovski127.krn">127</a	    Freylekh	G minor	dance	Mazover	recording	Voice	Kalnindorf	1936	-	Old Jewish Agricultural Colonies	Kalinindorf	-	-	Bb major (III); G raised fourth (I)	10–18; 19–27	no	"Section C (mm. 19–27) alternates C# and C natural. The C#s are quite prominent, however, so this is identified as G raised fourth. C natural occasionally alternates with C# in the raised fourth mode (see Beregovski 1982, 551). "
<a  href="https://verovio.humdrum.org/?file=https://raw.githubusercontent.com/shanahdt/mode_in_klezmer/refs/heads/main/corpus/beregovski128.krn">128</a	    Freylekhs	G minor	dance	"Dulitsky, B."	recording	Clarinet	Kyiv	1935	-	Kyiv	"Boguslav, Brusilov, Zvenigorodka, Korostyshev, Makarov, Uman', or Fastov"	G	-		All minor	yes	
<a  href="https://verovio.humdrum.org/?file=https://raw.githubusercontent.com/shanahdt/mode_in_klezmer/refs/heads/main/corpus/beregovski129.krn">129</a	    Freylekhs	G minor	dance	Anonymous	transcription	-	-	-	-	Unknown	-	D	Up P5	G raised fourth (i); Bb major (III); G minor (i)	9–16; 17–30	no	"Section B (mm. 9–16) has C#, but it also has Eb which is not characteristic of G raised fourth. We still identified it as G raise fourth because the C#s are prominent. The manuscript in Beregovski 2013 has E naturals pencilled in."
<a  href="https://verovio.humdrum.org/?file=https://raw.githubusercontent.com/shanahdt/mode_in_klezmer/refs/heads/main/corpus/beregovski130.krn">130</a	    Freylekhs	G minor	dance	"Barkagan, G."	transcription	Clarinet	"Kalinindorf, Nikolaev"	1936	-	Old Jewish Agricultural Colonies	Kalinindorf	A	Up M2		All minor	yes	
<a  href="https://verovio.humdrum.org/?file=https://raw.githubusercontent.com/shanahdt/mode_in_klezmer/refs/heads/main/corpus/beregovski131.krn">131</a	    Freylekhs	G minor	dance	"Dulitsky, B."	recording	Clarinet	Kyiv	1935	-	Kyiv	"Boguslav, Brusilov, Zvenigorodka, Korostyshev, Makarov, Uman', or Fastov"	G	-	G raised fourth (i); G minor (i)	14–21	no	
<a  href="https://verovio.humdrum.org/?file=https://raw.githubusercontent.com/shanahdt/mode_in_klezmer/refs/heads/main/corpus/beregovski132.krn">132</a	    Freylekhs	G minor	dance	"Gershfeld, G."	transcription	Violin	Tiraspol	1937	-	Kyiv	Berdichev	A	Up M2	Bb major (III); G minor (i)	1–12	no	
<a  href="https://verovio.humdrum.org/?file=https://raw.githubusercontent.com/shanahdt/mode_in_klezmer/refs/heads/main/corpus/beregovski133.krn">133</a	    Freylekhs	G minor	dance	Anonymous	transcription	-	-	-	-	Unknown	-	D	Up P5	Bb major (III); G minor (i)	1–8	no	
<a  href="https://verovio.humdrum.org/?file=https://raw.githubusercontent.com/shanahdt/mode_in_klezmer/refs/heads/main/corpus/beregovski134.krn">134</a	    Skotshne	G minor	dance	"Slobodskoi, M."	recording	Clarinet	Kyiv	1935	-	Kyiv	"Boguslav, Brusilov, Zvenigorodka, Korostyshev, Makarov, Uman', or Fastov"	C	Up P4		All minor	yes	
<a  href="https://verovio.humdrum.org/?file=https://raw.githubusercontent.com/shanahdt/mode_in_klezmer/refs/heads/main/corpus/beregovski135.krn">135</a	    Freylekhs	G minor	dance	"Cherniavsky, B."	recording	Clarinet	Belaia Tserkov	1935	-	Kyiv	Belaia Tserkov	Bb	Up m3	G freygish (I)	19–48	no	
<a  href="https://verovio.humdrum.org/?file=https://raw.githubusercontent.com/shanahdt/mode_in_klezmer/refs/heads/main/corpus/beregovski136.krn">136</a	    Freylekhs	G minor	dance	"Makonovetsky, A. E. "	transcription (Makonovetsky)	Violin	Khabno	-	-	Kyiv	Khabno	-	-	Bb major (III); G minor (i)	5–8	no	
<a  href="https://verovio.humdrum.org/?file=https://raw.githubusercontent.com/shanahdt/mode_in_klezmer/refs/heads/main/corpus/beregovski137.krn">137</a	    Vol'ner (Freylekhs)	G minor	dance	"Makonovetsky, A. E. "	transcription (Makonovetsky)	Violin	Khabno	-	-	Kyiv	Khabno	-	-		All minor	yes	
<a  href="https://verovio.humdrum.org/?file=https://raw.githubusercontent.com/shanahdt/mode_in_klezmer/refs/heads/main/corpus/beregovski138.krn">138</a	    Freylekhs	G minor	dance	"Makonovetsky, A. E. "	transcription (Makonovetsky)	Violin	Khabno	-	-	Kyiv	Khabno	-	-	Bb major (III); G minor (i)	17–20	no	
<a  href="https://verovio.humdrum.org/?file=https://raw.githubusercontent.com/shanahdt/mode_in_klezmer/refs/heads/main/corpus/beregovski139.krn">139</a	    Freylekhs	G minor	dance	"Barkagan, G."	transcription	Clarinet	"Kalinindorf, Nikolaev"	1935	-	Old Jewish Agricultural Colonies	Kalinindorf	G	-		All minor	yes	"Bb is implied in mm. 9–12, but there isn't a cadence until the end of the section."
<a  href="https://verovio.humdrum.org/?file=https://raw.githubusercontent.com/shanahdt/mode_in_klezmer/refs/heads/main/corpus/beregovski140.krn">140</a	    Freylekhs	G minor	dance	"Sakhnovsky, B."	transcription	Violin	-	-	-	Kyiv	"Boguslav, Brusilov, Zvenigorodka, Korostyshev, Makarov, Uman', or Fastov"	D	Up P5		All minor	yes	
<a  href="https://verovio.humdrum.org/?file=https://raw.githubusercontent.com/shanahdt/mode_in_klezmer/refs/heads/main/corpus/beregovski141.krn">141</a	    Freylekhs	G minor	dance	"Makonovetsky, A. E. "	transcription (Makonovetsky)	Violin	Khabno	-	-	Kyiv	Khabno	D	Up P5		All minor	yes	
<a  href="https://verovio.humdrum.org/?file=https://raw.githubusercontent.com/shanahdt/mode_in_klezmer/refs/heads/main/corpus/beregovski142.krn">142</a	    Freylekhs	G minor	dance	Anonymous	-	-	-	-	-	Unknown	-	A	Up M2	Bb major (III); G minor (i)	15–18	no	
<a  href="https://verovio.humdrum.org/?file=https://raw.githubusercontent.com/shanahdt/mode_in_klezmer/refs/heads/main/corpus/beregovski143.krn">143</a	    Freylekhs	G minor	dance	"Berezin, Ia."	transcription	Clarinet	Tiraspol	1936	-	Various Cities and Towns	-	G	-		All minor	yes	
<a  href="https://verovio.humdrum.org/?file=https://raw.githubusercontent.com/shanahdt/mode_in_klezmer/refs/heads/main/corpus/beregovski144.krn">144</a	    Freylekhs	G minor	dance	"Barkagan, G."	transcription	Clarinet	"Kalinindorf, Nikolaev"	1935	-	Old Jewish Agricultural Colonies	Kalinindorf	D	Up P5	Bb major (III)	10–17	no	
<a  href="https://verovio.humdrum.org/?file=https://raw.githubusercontent.com/shanahdt/mode_in_klezmer/refs/heads/main/corpus/beregovski145.krn">145</a	    Freylekhs	G minor	dance	Anonymous	transcription	-	-	-	-	-	-	A	Up M2		All minor	yes	
<a  href="https://verovio.humdrum.org/?file=https://raw.githubusercontent.com/shanahdt/mode_in_klezmer/refs/heads/main/corpus/beregovski146.krn">146</a	    Freylekhs	G minor	dance	"Gershfeld, G."	transcription	Violin	Tiraspol	1937	-	Kyiv	Berdichev	A	Up M2	Bb major (III); G minor (i)	9–12	no	
<a  href="https://verovio.humdrum.org/?file=https://raw.githubusercontent.com/shanahdt/mode_in_klezmer/refs/heads/main/corpus/beregovski147.krn">147</a	    Freylekhs	G minor	dance	"Barkagan, G."	transcription	Clarinet	"Kalinindorf, Nikolaev"	1935	-	Old Jewish Agricultural Colonies	Kalinindorf	D	Up P5		All minor	yes	"Section C (mm. 17–24) cadences on Bb, but the cadence is brief and it doesn't introduce a new pitch collection. I haven't tagged it as such. "
<a  href="https://verovio.humdrum.org/?file=https://raw.githubusercontent.com/shanahdt/mode_in_klezmer/refs/heads/main/corpus/beregovski148.krn">148</a	    Freylekhs	G minor	dance	"Gershfeld, G."	transcription	Violin	Tiraspol	1937	-	Kyiv	Berdichev	G	-	Bb major (III); G minor (i)	9–14	no	
<a  href="https://verovio.humdrum.org/?file=https://raw.githubusercontent.com/shanahdt/mode_in_klezmer/refs/heads/main/corpus/beregovski149.krn">149</a	    Skotshne	G minor	dance	"Ziserman, V."	transcription	Bass	Vinnitsa	1932	-	Vinnitsa	-	D	Up P5	Bb major (III); G minor (i)	17–20	no	
<a  href="https://verovio.humdrum.org/?file=https://raw.githubusercontent.com/shanahdt/mode_in_klezmer/refs/heads/main/corpus/beregovski150.krn">150</a	    Freylekhs	G major	dance	"Dulitsky, B."	recording	Clarinet	Kyiv	1935	-	Kyiv	"Boguslav, Brusilov, Zvenigorodka, Korostyshev, Makarov, Uman', or Fastov"	-	-	G raised fourth (i)	9–27	no	
<a  href="https://verovio.humdrum.org/?file=https://raw.githubusercontent.com/shanahdt/mode_in_klezmer/refs/heads/main/corpus/beregovski151.krn">151</a	    Freylekhs	G major	dance	"Dulitsky, B."	recording	Clarinet	Kyiv	1935	-	Kyiv	"Boguslav, Brusilov, Zvenigorodka, Korostyshev, Makarov, Uman', or Fastov"	-	-	G raised fourth (i)	9–25	no	
<a  href="https://verovio.humdrum.org/?file=https://raw.githubusercontent.com/shanahdt/mode_in_klezmer/refs/heads/main/corpus/beregovski152.krn">152</a	    Skotshne	G major	dance	"Magaziner, Ia. S."	transcription	Violin	Kyiv	1936	"Zvenigorodka, Kyiv"	Kyiv	"Boguslav, Brusilov, Zvenigorodka, Korostyshev, Makarov, Uman', or Fastov"	-	-	G raised fourth (i); G major (I)	10–17	no	
<a  href="https://verovio.humdrum.org/?file=https://raw.githubusercontent.com/shanahdt/mode_in_klezmer/refs/heads/main/corpus/beregovski153.krn">153</a	    Freylekhs	G major	dance	"Slobodskoi, M."	recording	Clarinet	Kyiv	1935	-	Kyiv	"Boguslav, Brusilov, Zvenigorodka, Korostyshev, Makarov, Uman', or Fastov"	G	-	G raised fourth (i); G major (I)	5–8	no	
<a  href="https://verovio.humdrum.org/?file=https://raw.githubusercontent.com/shanahdt/mode_in_klezmer/refs/heads/main/corpus/beregovski154.krn">154</a	    Freylekhs	G major	dance	"Slobodskoi, M."	recording	Clarinet	Kyiv	1935	-	Kyiv	"Boguslav, Brusilov, Zvenigorodka, Korostyshev, Makarov, Uman', or Fastov"	E	Down m3	G raised fourth (i); G freygish (I)	10–25; 26–41	no	
<a  href="https://verovio.humdrum.org/?file=https://raw.githubusercontent.com/shanahdt/mode_in_klezmer/refs/heads/main/corpus/beregovski155.krn">155</a	    Freylekhs	G major	dance	"Berezin, Ia."	transcription	Clarinet	Tiraspol	1936	-	Various Cities and Towns	-	-	-	G raised fourth (k); G major (I)	11–24	no	
<a  href="https://verovio.humdrum.org/?file=https://raw.githubusercontent.com/shanahdt/mode_in_klezmer/refs/heads/main/corpus/beregovski156.krn">156</a	    Freylekhs	G major	dance	"Cherniavsky, B."	recording	Clarinet	Belaia Tserkov	1936	-	Kyiv	Belaia Tserkov	-	-	G raised fourth (i); G major (I)	19–29	no	
<a  href="https://verovio.humdrum.org/?file=https://raw.githubusercontent.com/shanahdt/mode_in_klezmer/refs/heads/main/corpus/beregovski157.krn">157</a	    Hopke	G major	dance	"Makonovetsky, A. E. "	transcription (Makonovetsky)	Violin	Khabno	-	-	Kyiv	Khabno	D	Up P5		All major	yes	
<a  href="https://verovio.humdrum.org/?file=https://raw.githubusercontent.com/shanahdt/mode_in_klezmer/refs/heads/main/corpus/beregovski158.krn">158</a	    Freylekhs	G major	dance	"Barkagan, G."	transcription	Clarinet	"Kalinindorf, Nikolaev"	-	-	Old Jewish Agricultural Colonies	Kalinindorf	D	Up P5	C major (IV)	17–24	no	
<a  href="https://verovio.humdrum.org/?file=https://raw.githubusercontent.com/shanahdt/mode_in_klezmer/refs/heads/main/corpus/beregovski159.krn">159</a	    Freylekhs	G major	dance	"Makonovetsky, A. E. "	transcription (Makonovetsky)	Violin	Khabno	-	-	Kyiv	Khabno				All major	yes	
<a  href="https://verovio.humdrum.org/?file=https://raw.githubusercontent.com/shanahdt/mode_in_klezmer/refs/heads/main/corpus/beregovski160.krn">160</a	    Skotshne	G major	dance	Anonymous	transcription	-	-	-	-	Unknown	-	-	-	D major (V); G major (I)	10–18	no	
<a  href="https://verovio.humdrum.org/?file=https://raw.githubusercontent.com/shanahdt/mode_in_klezmer/refs/heads/main/corpus/beregovski162.krn">161</a	    Freylekhs	G major	dance	"Barkagan, G."	transcription	Clarinet	"Kalinindorf, Nikolaev"	-	-	Old Jewish Agricultural Colonies	Kalinindorf	D	Up P5		All major	yes	
<a  href="https://verovio.humdrum.org/?file=https://raw.githubusercontent.com/shanahdt/mode_in_klezmer/refs/heads/main/corpus/beregovski162.krn">162</a	    Hopke	G major	dance	"Makonovetsky, A. E. "	transcription (Makonovetsky)	Violin	Khabno	-	-	Kyiv	Khabno	G	-		All major	yes	
<a  href="https://verovio.humdrum.org/?file=https://raw.githubusercontent.com/shanahdt/mode_in_klezmer/refs/heads/main/corpus/beregovski163.krn">163</a	    Skotshne	G major	dance	"Cherniavsky, B."	recording	Clarinet	Belaia Tserkov	1936	-	Kyiv	Belaia Tserkov	-	-		All major	yes	
<a  href="https://verovio.humdrum.org/?file=https://raw.githubusercontent.com/shanahdt/mode_in_klezmer/refs/heads/main/corpus/beregovski164.krn">164</a	    Skotshne	G major	dance	"Shteingart, Ia."	recording	Clarinet	"Bogopol, Podolia"	1913	-	Podolia	Bogopol	-	-		All major	yes	
<a  href="https://verovio.humdrum.org/?file=https://raw.githubusercontent.com/shanahdt/mode_in_klezmer/refs/heads/main/corpus/beregovski165.krn">165</a	    Freylekhs	G major	dance	"Gershfeld, G."	transcription	Violin	Tiraspol	1937	-	-	-	D	Up P5	D major (V); G major (I)	9–16	no	
<a  href="https://verovio.humdrum.org/?file=https://raw.githubusercontent.com/shanahdt/mode_in_klezmer/refs/heads/main/corpus/beregovski166.krn">166</a	    Freylekhs	G major	dance	"Marshak, A."	recording	Voice	Odessa	1930	-	Various Cities and Towns	Odessa	-	-	G minor (i); G raised fourth (i)	6–17; 18–21	no	"The last four measures imply a local D minor (v) or a G raised fourth mode. We have designated them as G raised fourth because the C#-F tetrachord is used in other places to pivot from G raised fourth to G major, or the reverse. "
<a  href="https://verovio.humdrum.org/?file=https://raw.githubusercontent.com/shanahdt/mode_in_klezmer/refs/heads/main/corpus/beregovski167.krn">167</a	    Freylekhs	G major	dance	"Barkagan, G."	transcription	Clarinet	"Kalinindorf, Nikolaev"	-	-	Old Jewish Agricultural Colonies	Kalinindorf	C	Up P4	G minor (i); G major (I)	9–12	no	
<a  href="https://verovio.humdrum.org/?file=https://raw.githubusercontent.com/shanahdt/mode_in_klezmer/refs/heads/main/corpus/beregovski168.krn">168</a	    Freylekhs	G major	dance	"Sakhnovsky, B."	transcription	Violin	-	-	-	Kyiv	"Boguslav, Brusilov, Zvenigorodka, Korostyshev, Makarov, Uman', or Fastov"	C	Up P4		All major	yes	
<a  href="https://verovio.humdrum.org/?file=https://raw.githubusercontent.com/shanahdt/mode_in_klezmer/refs/heads/main/corpus/beregovski169.krn">169</a	    Freylekhs	G major	dance	"Barkagan, G."	transcription	Clarinet	"Kalinindorf, Nikolaev"	-	-	Old Jewish Agricultural Colonies	Kalinindorf	D	Up P5		All major	yes	
<a  href="https://verovio.humdrum.org/?file=https://raw.githubusercontent.com/shanahdt/mode_in_klezmer/refs/heads/main/corpus/beregovski170.krn">170</a	    Freylekhs	G major	dance	"Sakhnovsky, B."	transcription	Violin	-	-	-	Kyiv	"Boguslav, Brusilov, Zvenigorodka, Korostyshev, Makarov, Uman', or Fastov"	D	Up P5		All major	yes	
<a  href="https://verovio.humdrum.org/?file=https://raw.githubusercontent.com/shanahdt/mode_in_klezmer/refs/heads/main/corpus/beregovski171.krn">171</a	    Freylekhs	G major	dance	"Barkagan, G."	transcription	Clarinet	"Kalinindorf, Nikolaev"	-	-	Old Jewish Agricultural Colonies	Kalinindorf	-	-		All major	yes	
<a  href="https://verovio.humdrum.org/?file=https://raw.githubusercontent.com/shanahdt/mode_in_klezmer/refs/heads/main/corpus/beregovski172.krn">172</a	    Freylekhs	G major	dance	"Barkagan, G."	transcription	Clarinet	"Kalinindorf, Nikolaev"	-	-	Old Jewish Agricultural Colonies	Kalinindorf	D	Up P5		All major	yes	
<a  href="https://verovio.humdrum.org/?file=https://raw.githubusercontent.com/shanahdt/mode_in_klezmer/refs/heads/main/corpus/beregovski173.krn">173</a	    Freylekhs	G major	dance	"Barkagan, G."	transcription	Clarinet	"Kalinindorf, Nikolaev"	-	-	Old Jewish Agricultural Colonies	Kalinindorf	-	-		All major	yes	
<a  href="https://verovio.humdrum.org/?file=https://raw.githubusercontent.com/shanahdt/mode_in_klezmer/refs/heads/main/corpus/beregovski174.krn">174</a	    Freylekhs	G major	dance	"Rabinovich, M. I."	transcription	Violin	Kyiv	1937	-	Kyiv	Berdichev	-	-		All major	yes	
<a  href="https://verovio.humdrum.org/?file=https://raw.githubusercontent.com/shanahdt/mode_in_klezmer/refs/heads/main/corpus/beregovski175.krn">175</a	    Freylekhs	G major	dance	"Barkagan, G."	transcription	Clarinet	"Kalinindorf, Nikolaev"	-	-	Old Jewish Agricultural Colonies	Kalinindorf	-	-	G raised fourth (i)	9–21	no	
<a  href="https://verovio.humdrum.org/?file=https://raw.githubusercontent.com/shanahdt/mode_in_klezmer/refs/heads/main/corpus/beregovski176.krn">176</a	    Skotshne	G major	dance	"Cherniavsky, B."	recording	Clarinet	Belaia Tserkov	1936	-	Kyiv	Belaia Tserkov	A	Up M2		All major	yes	
<a  href="https://verovio.humdrum.org/?file=https://raw.githubusercontent.com/shanahdt/mode_in_klezmer/refs/heads/main/corpus/beregovski177.krn">177</a	    Sher	G freygish	dance	"Ozyriansky, M."	recording	Voice	"Bobrovyi Kut, Kalinindorf, Nikolaev"	1936	Kalinindorf	Old Jewish Agricultural Colonies	Kalinindorf	-	-	C minor (iv); G freygish (I); C minor (iv); G fregyish (I)	17–20; 21–24; 25–28	no	
<a  href="https://verovio.humdrum.org/?file=https://raw.githubusercontent.com/shanahdt/mode_in_klezmer/refs/heads/main/corpus/beregovski178.krn">178</a	    Sher	G freygish	dance	"Liasko, M."	transcription	-	"Fraidorf, Crimea"	1937	-	Kyiv	"Boguslav, Brusilov, Zvenigorodka, Korostyshev, Makarov, Uman', or Fastov"	-	-		All freygish	yes	
<a  href="https://verovio.humdrum.org/?file=https://raw.githubusercontent.com/shanahdt/mode_in_klezmer/refs/heads/main/corpus/beregovski179.krn">179</a	    Sher	G freygish	dance	"Dulitsky, B."	recording	Clarinet	Kyiv	1935	-	Kyiv	"Boguslav, Brusilov, Zvenigorodka, Korostyshev, Makarov, Uman', or Fastov"	G	-		All freygish	yes	
<a  href="https://verovio.humdrum.org/?file=https://raw.githubusercontent.com/shanahdt/mode_in_klezmer/refs/heads/main/corpus/beregovski180.krn">180</a	    Sher	G freygish	dance	"Mesman, V."	transcription	-	-	1912	-	Unknown	-	C	Up P4	C major (IV); D: freygish (V); G freygish (I)	17–28; 29–32	no	
<a  href="https://verovio.humdrum.org/?file=https://raw.githubusercontent.com/shanahdt/mode_in_klezmer/refs/heads/main/corpus/beregovski181.krn">181</a	    Sher	G freygish	dance	"Gulerman, Z."	recording	Flute	Kyiv	1935	-	Kyiv	"Boguslav, Brusilov, Zvenigorodka, Korostyshev, Makarov, Uman', or Fastov"	-	-	C minor (iv); G freygish (I); C minor (iv); G freygish (I); F major (VII); G freygish (I)	5–8; 9–22; 23–26; 27–40; 41–48	no	
<a  href="https://verovio.humdrum.org/?file=https://raw.githubusercontent.com/shanahdt/mode_in_klezmer/refs/heads/main/corpus/beregovski182.krn">182</a	    Sher	G freygish	dance	"Ozyriansky, M."	recording	Voice	"Bobrovyi Kut, Kalinindorf, Nikolaev"	1936	Kalinindorf	Old Jewish Agricultural Colonies	Kalinindorf	-	-	C minor (iv); G freygish (I)	9–16	no	
<a  href="https://verovio.humdrum.org/?file=https://raw.githubusercontent.com/shanahdt/mode_in_klezmer/refs/heads/main/corpus/beregovski183.krn">183</a	    Sher	G freygish	dance	"Dobrushin, I."	transcription	-	Kyiv	1937	-	Kyiv	"Boguslav, Brusilov, Zvenigorodka, Korostyshev, Makarov, Uman', or Fastov"	-	-	C minor (iv); G freygish (I)	9–16	no	
<a  href="https://verovio.humdrum.org/?file=https://raw.githubusercontent.com/shanahdt/mode_in_klezmer/refs/heads/main/corpus/beregovski184.krn">184</a	    Sher	G raised fourth	dance	"Cherniavsky, B."	recording	Clarinet	Belaia Tserkov	1936	-	Kyiv	Belaia Tserkov	Bb	Up m3			yes	"Beregovski provides a G minor key signature for section B (mm. 11–18), but we identify the section as G raised fourth (no modulation). Section B begins with melodic motion from Eb to C, implying C minor (iv). This is a typical move within G raised fourth. Compare with no. 58 and see Beregovsk 1982, 551. "
<a  href="https://verovio.humdrum.org/?file=https://raw.githubusercontent.com/shanahdt/mode_in_klezmer/refs/heads/main/corpus/beregovski185.krn">185</a	    Sher	G raised fourth	dance	"Laderman, I."	recording	Voice	Fastov	1929	-	Kyiv	"Boguslav, Brusilov, Zvenigorodka, Korostyshev, Makarov, Uman', or Fastov"	-	-	G major (I); G raised fourth (i)	18–29	no	
<a  href="https://verovio.humdrum.org/?file=https://raw.githubusercontent.com/shanahdt/mode_in_klezmer/refs/heads/main/corpus/beregovski186.krn">186</a	    Sher	G raised fourth	dance	"Slobodskoi, M."	recording	Clarinet	Kyiv	1935	-	Kyiv	"Boguslav, Brusilov, Zvenigorodka, Korostyshev, Makarov, Uman', or Fastov"	Eb	Down M3	Bb major (III)	18–26	no	
<a  href="https://verovio.humdrum.org/?file=https://raw.githubusercontent.com/shanahdt/mode_in_klezmer/refs/heads/main/corpus/beregovski187.krn">187</a	    Sher	G minor	dance	"Avrutin, A."	recording	Voice	"Bobrovyi Kut, Kalinindorf, Nikolaev"	1936	-	Old Jewish Agricultural Colonies	-	-	-	Bb major (III); G minor (i)	16–28	no	
<a  href="https://verovio.humdrum.org/?file=https://raw.githubusercontent.com/shanahdt/mode_in_klezmer/refs/heads/main/corpus/beregovski188.krn">188</a	    Sher	G minor	dance	"Barkagan, G."	transcription	Clarinet	"Kalinindorf, Nikolaev"	-	-	Old Jewish Agricultural Colonies	Kalinindorf	-	-	G raised fourth (i)	9–29	no	
<a  href="https://verovio.humdrum.org/?file=https://raw.githubusercontent.com/shanahdt/mode_in_klezmer/refs/heads/main/corpus/beregovski189.krn">189</a	    Sher	G minor	dance	"Dulitsky, B."	recording	Clarinet	Kyiv	1935	-	Kyiv	"Boguslav, Brusilov, Zvenigorodka, Korostyshev, Makarov, Uman', or Fastov"	-	-	Bb major (III); G minor (i); Bb major (III); C freygish (IV); G minor (i)	1–12; 13–17; 18–21; 22–25	no	
<a  href="https://verovio.humdrum.org/?file=https://raw.githubusercontent.com/shanahdt/mode_in_klezmer/refs/heads/main/corpus/beregovski190.krn">190</a	    Sher	G minor	dance	"Bergelson, D."	recording	Voice	Kyiv	1931	Uman'	Kyiv	"Boguslav, Brusilov, Zvenigorodka, Korostyshev, Makarov, Uman', or Fastov"	-	-	G raised fourth (i)	15–31	no	
<a  href="https://verovio.humdrum.org/?file=https://raw.githubusercontent.com/shanahdt/mode_in_klezmer/refs/heads/main/corpus/beregovski191.krn">191</a	    Sher	G minor	dance	"Azriel, G."	recording	Voice	"Naidarovka, Novo-Zlatopolsk, Dnepropetrovsk"	1936	-	Old Jewish Agricultural Colonies	-	-	-	Bb major (III)	10–18	no	
<a  href="https://verovio.humdrum.org/?file=https://raw.githubusercontent.com/shanahdt/mode_in_klezmer/refs/heads/main/corpus/beregovski192.krn">192</a	    Sher	G minor	dance	"Cherniavsky, I."	recording	Voice	Kyiv	1935	-	Kyiv	Belaia Tserkov	-	-	Bb major (III); G minor (i); Bb major (III); G minor (i)	1–8; 9–16; 17–28	no	
<a  href="https://verovio.humdrum.org/?file=https://raw.githubusercontent.com/shanahdt/mode_in_klezmer/refs/heads/main/corpus/beregovski193.krn">193</a	    Sher	G minor	dance	"Gershfeld, G."	transcription	Violin	Tiraspol	1937	-	Kyiv	Berdichev	D	Up P5	Bb major (III); G minor (i)	28–35	no	
<a  href="https://verovio.humdrum.org/?file=https://raw.githubusercontent.com/shanahdt/mode_in_klezmer/refs/heads/main/corpus/beregovski194.krn">194</a	    Sher	G minor	dance	"Kabatskaia, G."	recording	Voice	"Kalinindorf, Nikolaev"	1936	-	Old Jewish Agricultural Colonies	Kalinindorf	-	-	Bb major (III); G minor (i)	11–18	no	
<a  href="https://verovio.humdrum.org/?file=https://raw.githubusercontent.com/shanahdt/mode_in_klezmer/refs/heads/main/corpus/beregovski195.krn">195</a	    Sher	G minor	dance	"Makonovetsky, A. E. "	transcription (Makonovetsky)	Violin	Khabno	-	-	Kyiv	Khabno	-	-	Bb major (III); G minor (i)	9–16	no	
<a  href="https://verovio.humdrum.org/?file=https://raw.githubusercontent.com/shanahdt/mode_in_klezmer/refs/heads/main/corpus/beregovski196.krn">196</a	    Sher	G minor	dance	"Barkagan, G."	transcription	Clarinet	"Kalinindorf, Nikolaev"	-	-	Old Jewish Agricultural Colonies	Kalinindorf	D	Up P5	Bb major (III); G minor (i)	5–8	no	
<a  href="https://verovio.humdrum.org/?file=https://raw.githubusercontent.com/shanahdt/mode_in_klezmer/refs/heads/main/corpus/beregovski197.krn">197</a	    Sher	G minor	dance	Anonymous	transcription	-	-	-	-	Unknown	-	A	Up M2		All minor	yes	
<a  href="https://verovio.humdrum.org/?file=https://raw.githubusercontent.com/shanahdt/mode_in_klezmer/refs/heads/main/corpus/beregovski198.krn">198</a	    Sher	G minor	dance	"Gershfeld, G."	transcription	Violin	Tiraspol	1937	-	Kyiv	Berdichev	D	Up P5		All minor	yes	
<a  href="https://verovio.humdrum.org/?file=https://raw.githubusercontent.com/shanahdt/mode_in_klezmer/refs/heads/main/corpus/beregovski199.krn">199</a	    Sher	G minor	dance	"Barkagan, G."	transcription	Clarinet	"Kalinindorf, Nikolaev"	-	-	Old Jewish Agricultural Colonies	Kalinindorf	A	Up M2	Bb major (III); G minor (i)	10–26	no	
<a  href="https://verovio.humdrum.org/?file=https://raw.githubusercontent.com/shanahdt/mode_in_klezmer/refs/heads/main/corpus/beregovski200.krn">200</a	    Sher	G minor	dance	"Barkagan, G."	transcription	Clarinet	"Kalinindorf, Nikolaev"	-	-	Old Jewish Agricultural Colonies	Kalinindorf	A	Up M2	Bb major (III); G minor (i)	6–14	no	
<a  href="https://verovio.humdrum.org/?file=https://raw.githubusercontent.com/shanahdt/mode_in_klezmer/refs/heads/main/corpus/beregovski201.krn">201</a	    Sher	G minor	dance	"Barkagan, G."	transcription	Clarinet	"Kalinindorf, Nikolaev"	-	-	Old Jewish Agricultural Colonies	Kalinindorf	D	Up P5	Bb major (III); G minor (i)	10–13	no	
<a  href="https://verovio.humdrum.org/?file=https://raw.githubusercontent.com/shanahdt/mode_in_klezmer/refs/heads/main/corpus/beregovski202.krn">202</a	    Sher	G minor	dance	"Altman, L. "	transcription	Viola	Tiraspol	1936	-	Kyiv	Berdichev	D	Up P5	Bb major (III); G minor (i)	10–21	no	
<a  href="https://verovio.humdrum.org/?file=https://raw.githubusercontent.com/shanahdt/mode_in_klezmer/refs/heads/main/corpus/beregovski203.krn">203</a	    Sher	G major	dance	"Triplik, I."	recording	Flute	"Slavuta, Khmelnitsky"	1929	-	-	-	-	-	G raised fourth (i)	41–55	no	
<a  href="https://verovio.humdrum.org/?file=https://raw.githubusercontent.com/shanahdt/mode_in_klezmer/refs/heads/main/corpus/beregovski204.krn">204</a	    Sher	G major	dance	"Krasnyshevsky, A."	recording	Voice	"Bobrovyi Kut, Kalinindorf, Nikolaev"	1936	-	Old Jewish Agricultural Colonies	Kalinindorf	-	-		All major	yes	
<a  href="https://verovio.humdrum.org/?file=https://raw.githubusercontent.com/shanahdt/mode_in_klezmer/refs/heads/main/corpus/beregovski205.krn">205</a	    Sher	G major	dance	"Bendas, D."	transcription	-	Kyiv	1938	-	Kyiv	"Boguslav, Brusilov, Zvenigorodka, Korostyshev, Makarov, Uman', or Fastov"	-	-		All major	yes	
<a  href="https://verovio.humdrum.org/?file=https://raw.githubusercontent.com/shanahdt/mode_in_klezmer/refs/heads/main/corpus/beregovski206.krn">206</a	    Plyeskun	G minor	dance	"Sakhnovsky, B."	transcription	Violin	-	-	-	Kyiv	"Boguslav, Brusilov, Zvenigorodka, Korostyshev, Makarov, Uman', or Fastov"	D	Up P5		All minor	yes	
<a  href="https://verovio.humdrum.org/?file=https://raw.githubusercontent.com/shanahdt/mode_in_klezmer/refs/heads/main/corpus/beregovski207.krn">207</a	    Plyeskun	G raised fourth	dance	Anonymous	transcription	-	-	-	-	Unknown	-	D	Up P5	G minor (i); G raised fourth (i)	6–11	no	
<a  href="https://verovio.humdrum.org/?file=https://raw.githubusercontent.com/shanahdt/mode_in_klezmer/refs/heads/main/corpus/beregovski208.krn">208</a	    Plyeskun	G freygish	dance	"Mesman, V."	transcription	-	-	1912	-	Unknown	-	D	Up P5	C minor (iv); Bb major (III); G freygish (I)	10–15; 16–19	no	
<a  href="https://verovio.humdrum.org/?file=https://raw.githubusercontent.com/shanahdt/mode_in_klezmer/refs/heads/main/corpus/beregovski209.krn">209</a	    Plyeskun	G major	dance	"Makonovetsky, A. E. "	transcription (Makonovetsky)	Violin	Khabno	-	-	Kyiv	Khabno	D	Up P5		All major	yes	
<a  href="https://verovio.humdrum.org/?file=https://raw.githubusercontent.com/shanahdt/mode_in_klezmer/refs/heads/main/corpus/beregovski210.krn">210</a	    Plyeskun	G major	dance	Knaifel	transcription	Bass	Vinnitsa	1937	-	Vinnitsa	-	D	Up P5		All major	yes	
<a  href="https://verovio.humdrum.org/?file=https://raw.githubusercontent.com/shanahdt/mode_in_klezmer/refs/heads/main/corpus/beregovski211.krn">211</a	    Beygele	G freygish	dance	"Mesman, V."	transcription	-	-	1912	-	-	-	G	-		All freygish	yes	
<a  href="https://verovio.humdrum.org/?file=https://raw.githubusercontent.com/shanahdt/mode_in_klezmer/refs/heads/main/corpus/beregovski212.krn">212</a	    Beygele	G minor	dance	"Makonovetsky, A. E. "	transcription (Makonovetsky)	Violin	Khabno	-	-	Kyiv	Khabno	A	Up M2		All minor	yes	
<a  href="https://verovio.humdrum.org/?file=https://raw.githubusercontent.com/shanahdt/mode_in_klezmer/refs/heads/main/corpus/beregovski213.krn">213</a	    Bolgarish	G freygish	dance	"Gershfeld, G."	transcription	Violin	Tiraspol	1937	-	Kyiv	Berdichev	-	-	C major (IV); G fregyish (I)	33–48	no	
<a  href="https://verovio.humdrum.org/?file=https://raw.githubusercontent.com/shanahdt/mode_in_klezmer/refs/heads/main/corpus/beregovski214.krn">214</a	    Bolgarish	G minor	dance	"Gershfeld, G."	transcription	Violin	Tiraspol	1937	-	Kyiv	Berdichev	D	Up P5	Bb major (III); G minor (i)	5–8	no	Section A plays with ambiguity and rapid shifts between G minor and Bb major. I have tagged the first phrase as G minor and the second as Bb major based on the cadences. 
<a  href="https://verovio.humdrum.org/?file=https://raw.githubusercontent.com/shanahdt/mode_in_klezmer/refs/heads/main/corpus/beregovski215.krn">215</a	    Bolgarish	G minor	dance	"Gershfeld, G."	transcription	Violin	Tiraspol	1937	-	Kyiv	Berdichev	-	-	Bb major (III); G minor (i)	17–24	no	
<a  href="https://verovio.humdrum.org/?file=https://raw.githubusercontent.com/shanahdt/mode_in_klezmer/refs/heads/main/corpus/beregovski216.krn">216</a	    Bulgar	G major	dance	"Barkagan, G."	transcription	Clarinet	"Kalinindorf, Nikolaev"	-	-	Old Jewish Agricultural Colonies	Kalinindorf	-	-	G raised fourth (i)	9–19	no	
<a  href="https://verovio.humdrum.org/?file=https://raw.githubusercontent.com/shanahdt/mode_in_klezmer/refs/heads/main/corpus/beregovski217.krn">217</a	    Bulgar	G major	dance	Anonymous	transcription	-	-	-	-	Unknown	-	-	-		All major	yes	
<a  href="https://verovio.humdrum.org/?file=https://raw.githubusercontent.com/shanahdt/mode_in_klezmer/refs/heads/main/corpus/beregovski218.krn">218</a	    Khosid	G minor	dance	"Makonovetsky, A. E. "	transcription (Makonovetsky)	Violin	Khabno	-	-	Kyiv	Khabno	A	Up M2	Bb major (III)	9–16	no	
<a  href="https://verovio.humdrum.org/?file=https://raw.githubusercontent.com/shanahdt/mode_in_klezmer/refs/heads/main/corpus/beregovski219.krn">219</a	    Khosid	G minor	dance	"Barkagan, G."	transcription	Clarinet	"Kalinindorf, Nikolaev"	-	-	Old Jewish Agricultural Colonies	Kalinindorf	A	Up M3		All minor	yes	
<a  href="https://verovio.humdrum.org/?file=https://raw.githubusercontent.com/shanahdt/mode_in_klezmer/refs/heads/main/corpus/beregovski220.krn">220</a	    Khosidl	G minor	dance	"Barkagan, G."	transcription	Clarinet	"Kalinindorf, Nikolaev"	-	-	Old Jewish Agricultural Colonies	Kalinindorf	A	Up M4	Bb major (III); G minor (i); Bb major (III)	1–5; 6–10; 11–15	no	"The first section (mm. 1–5) mixes Bb major (III) and Bb raised fourth (iii). It is designated as Bb major because the raised fourth elements are brief, at the cadence. "
<a  href="https://verovio.humdrum.org/?file=https://raw.githubusercontent.com/shanahdt/mode_in_klezmer/refs/heads/main/corpus/beregovski221.krn">221</a	    Khosid	G minor	dance	Anonymous	transcription	-	-	-	-	Unknown	-	D	Up P5	Bb major (III); G minor (i)	9–24	no	
<a  href="https://verovio.humdrum.org/?file=https://raw.githubusercontent.com/shanahdt/mode_in_klezmer/refs/heads/main/corpus/beregovski222.krn">222</a	    Khosid	G minor	dance	Knaifel	trasncription	Bass	Vinnitsa	1937	-	Vinnitsa	-	A	Up M2		All minor	yes	
<a  href="https://verovio.humdrum.org/?file=https://raw.githubusercontent.com/shanahdt/mode_in_klezmer/refs/heads/main/corpus/beregovski223.krn">223</a	    Khosid	G major	dance	"Barkagan, G."	transcription	Clarinet	"Kalinindorf, Nikolaev"	-	-	Old Jewish Agricultural Colonies	Kalinindorf	D	Up P5		All major	yes	
<a  href="https://verovio.humdrum.org/?file=https://raw.githubusercontent.com/shanahdt/mode_in_klezmer/refs/heads/main/corpus/beregovski224.krn">224</a	    Khosid	G minor	dance	"Barkagan, G."	transcription	Clarinet	"Kalinindorf, Nikolaev"	-	-	Old Jewish Agricultural Colonies	Kalinindorf	D	Up P5	Bb major (III); G minor (i)	11–23	no	
<a  href="https://verovio.humdrum.org/?file=https://raw.githubusercontent.com/shanahdt/mode_in_klezmer/refs/heads/main/corpus/beregovski225.krn">225</a	    Shtok	G minor	dance	"Gulerman, Z."	recording	Flute	Kyiv	1935	-	Kyiv	"Boguslav, Brusilov, Zvenigorodka, Korostyshev, Makarov, Uman', or Fastov"	-	-	Bb major (III); G minor (i)	5–8	no	
<a  href="https://verovio.humdrum.org/?file=https://raw.githubusercontent.com/shanahdt/mode_in_klezmer/refs/heads/main/corpus/beregovski226.krn">226</a	    Shtok	G major	dance	"Makonovetsky, A. E. "	transcription (Makonovetsky)	Violin	Khabno	-	-	Kyiv	Khabno	D	Up P5		All major	yes	
<a  href="https://verovio.humdrum.org/?file=https://raw.githubusercontent.com/shanahdt/mode_in_klezmer/refs/heads/main/corpus/beregovski227.krn">227</a	    Ange	G minor	dance	"Gershfeld, G."	transcription	Violin	Tiraspol	1937	-	Kyiv	Berdichev	A	Up M2	Bb major (III); G freygish (I)	5–17; 18–20	no	
<a  href="https://verovio.humdrum.org/?file=https://raw.githubusercontent.com/shanahdt/mode_in_klezmer/refs/heads/main/corpus/beregovski228.krn">228</a	    Ange	G major	dance	"Gershfeld, G."	transcription	Violin	Tiraspol	1937	-	Kyiv	Berdichev	-	-	C major (IV)	13–20	no	
<a  href="https://verovio.humdrum.org/?file=https://raw.githubusercontent.com/shanahdt/mode_in_klezmer/refs/heads/main/corpus/beregovski229.krn">229</a	    Ot azoy	G minor	dance	"Gershfeld, G."	transcription	Violin	Tiraspol	1937	-	Kyiv	Berdichev	D	Up P5	G freygish (I)	9–16	no	
<a  href="https://verovio.humdrum.org/?file=https://raw.githubusercontent.com/shanahdt/mode_in_klezmer/refs/heads/main/corpus/beregovski230.krn">230</a	    Lomir zikh iberbetn	G freygish	dance	"Barkagan, G."	transcription	Clarinet	"Kalinindorf, Nikolaev"	-	-	Old Jewish Agricultural Colonies	Kalinindorf	-	-	C minor (iv)	5–8	no	
<a  href="https://verovio.humdrum.org/?file=https://raw.githubusercontent.com/shanahdt/mode_in_klezmer/refs/heads/main/corpus/beregovski231.krn">231</a	    Broyges-tants	G freygish	dance	"Mesman, V."	transcription	-	-	1912	-	Unknown	-	-	-		All freygish	yes	"Much of the tune can be heard as F raised fourth, until the G cadences. We treat F raised fourth as a pre-cadential gesture (here extended) within G fregyish. "
<a  href="https://verovio.humdrum.org/?file=https://raw.githubusercontent.com/shanahdt/mode_in_klezmer/refs/heads/main/corpus/beregovski232.krn">232</a	    Alter yidisher tants	G minor	dance	"Mesman, V."	transcription	-	-	1912	-	Unknown	-	-	-		All minor	yes	
<a  href="https://verovio.humdrum.org/?file=https://raw.githubusercontent.com/shanahdt/mode_in_klezmer/refs/heads/main/corpus/beregovski233.krn">233</a	    Shuster	G minor	dance	"Makonovetsky, A. E. "	transcription (Makonovetsky)	Violin	Khabno	-	-	Kyiv	Khabno	D	Up P5		All minor	yes	
<a  href="https://verovio.humdrum.org/?file=https://raw.githubusercontent.com/shanahdt/mode_in_klezmer/refs/heads/main/corpus/beregovski234.krn">234</a	    Shuster	G minor	dance	"Barkagan, G."	transcription	Clarinet	"Kalinindorf, Nikolaev"	-	-	Old Jewish Agricultural Colonies	Kalinindorf	A	Up M2		All minor	yes	
<a  href="https://verovio.humdrum.org/?file=https://raw.githubusercontent.com/shanahdt/mode_in_klezmer/refs/heads/main/corpus/beregovski235.krn">235</a	    Kozatshke	G major	dance	"Makonovetsky, A. E. "	transcription (Makonovetsky)	Violin	Khabno	-	-	Kyiv	Khabno	-	-		All major	yes	
<a  href="https://verovio.humdrum.org/?file=https://raw.githubusercontent.com/shanahdt/mode_in_klezmer/refs/heads/main/corpus/beregovski236.krn">236</a	    Kozatshke	G major	dance	"Makonovetsky, A. E. "	transcription (Makonovetsky)	Violin	Khabno	-	-	Kyiv	Khabno	-	-	E minor (vi)	6–10	no	
<a  href="https://verovio.humdrum.org/?file=https://raw.githubusercontent.com/shanahdt/mode_in_klezmer/refs/heads/main/corpus/beregovski237.krn">237</a	    Kozatshke	G major	dance	"Slobodskoi, M."	recording	Clarinet	Kyiv	1936	-	Kyiv	"Boguslav, Brusilov, Zvenigorodka, Korostyshev, Makarov, Uman', or Fastov"	-	-	E minor (vi)	18–25	no	
<a  href="https://verovio.humdrum.org/?file=https://raw.githubusercontent.com/shanahdt/mode_in_klezmer/refs/heads/main/corpus/beregovski238.krn">238</a	    Kozatshke	G minor	dance	"Makonovetsky, A. E. "	transcription (Makonovetsky)	Violin	Khabno	-	-	Kyiv	Khabno	-	-	Bb major (III); G minor (i)	10–18	no	
<a  href="https://verovio.humdrum.org/?file=https://raw.githubusercontent.com/shanahdt/mode_in_klezmer/refs/heads/main/corpus/beregovski239.krn">239</a	    Kozatshke (yidishe)	G major	dance	"Makonovetsky, A. E. "	transcription (Makonovetsky)	Violin	Khabno	-	-	Kyiv	Khabno	-	-		All major	yes	
<a  href="https://verovio.humdrum.org/?file=https://raw.githubusercontent.com/shanahdt/mode_in_klezmer/refs/heads/main/corpus/beregovski240.krn">240</a	    Bitshok	G major	dance	Knaifel	transcription	Bass	Vinnitsa	1937	-	Vinnitsa	-	-	-		All major	yes	
<a  href="https://verovio.humdrum.org/?file=https://raw.githubusercontent.com/shanahdt/mode_in_klezmer/refs/heads/main/corpus/beregovski241.krn">241</a	    Zhok	G freygish	dance	"Sakhnovsky, B."	transcription	Violin	-	-	-	Kyiv	"Boguslav, Brusilov, Zvenigorodka, Korostyshev, Makarov, Uman', or Fastov"	A	Up M2	F major (VII); G freygish (i)	19–27	no	
<a  href="https://verovio.humdrum.org/?file=https://raw.githubusercontent.com/shanahdt/mode_in_klezmer/refs/heads/main/corpus/beregovski242.krn">242</a	    Zhok	G freygish	dance	Knaifel	transcription	Bass	Vinnitsa	1937	-	Vinnitsa	-	-	-	C minor (iv); C raised fourth (iv); G freygish	10–15; 16–19	no	
<a  href="https://verovio.humdrum.org/?file=https://raw.githubusercontent.com/shanahdt/mode_in_klezmer/refs/heads/main/corpus/beregovski243.krn">243</a	    Zhok	G raised fourth	dance	"Sakhnovsky, B."	transcription	Violin	-	-	-	Kyiv	"Boguslav, Brusilov, Zvenigorodka, Korostyshev, Makarov, Uman', or Fastov"	A	Up M2	Bb major (III); G freygish (I)	17–28; 29–42	no	
<a  href="https://verovio.humdrum.org/?file=https://raw.githubusercontent.com/shanahdt/mode_in_klezmer/refs/heads/main/corpus/beregovski244.krn">244</a	    Zhok	G raised fourth	dance	"Sakhnovsky, B."	transcription	Violin	-	-	-	Kyiv	"Boguslav, Brusilov, Zvenigorodka, Korostyshev, Makarov, Uman', or Fastov"	-	-	D raised fourth (v); G raised fourth (i)	32–35	no	
<a  href="https://verovio.humdrum.org/?file=https://raw.githubusercontent.com/shanahdt/mode_in_klezmer/refs/heads/main/corpus/beregovski245.krn">245</a	    Zhok	G minor	dance	"Makonovetsky, A. E. "	transcription (Makonovetsky)	Violin	Khabno	-	-	Kyiv	Khabno	D	Up P5	Bb major (III); G minor (i)	13–16	no	
<a  href="https://verovio.humdrum.org/?file=https://raw.githubusercontent.com/shanahdt/mode_in_klezmer/refs/heads/main/corpus/beregovski246.krn">246</a	    Zhok	G minor	dance	"Gulerman, Z."	recording	Flute	Kyiv	1935	-	Kyiv	"Boguslav, Brusilov, Zvenigorodka, Korostyshev, Makarov, Uman', or Fastov"	-	-	Bb major (III); G minor (i)	1–10	no	
<a  href="https://verovio.humdrum.org/?file=https://raw.githubusercontent.com/shanahdt/mode_in_klezmer/refs/heads/main/corpus/beregovski247.krn">247</a	    Olandre (lyondre)	G minor	dance	Knaifel	transcription	Bass	Vinnitsa	1937	-	Vinnitsa	-	A	Up M2	G raised fourth (i)	9–14	no	
<a  href="https://verovio.humdrum.org/?file=https://raw.githubusercontent.com/shanahdt/mode_in_klezmer/refs/heads/main/corpus/beregovski248.krn">248</a	    Olandre (lyondre)	G minor	dance	"Marshak, A."	recording	Voice	Odessa	1930	-	Various Cities and Towns	Odessa	-	-	Bb major (III); G minor (i)	1–8	no	
<a  href="https://verovio.humdrum.org/?file=https://raw.githubusercontent.com/shanahdt/mode_in_klezmer/refs/heads/main/corpus/beregovski249.krn">249</a	    Olandre (lyondre)	G minor	dance	"Gulerman, Z."	recording	Flute	Kyiv	1935	-	Kyiv	"Boguslav, Brusilov, Zvenigorodka, Korostyshev, Makarov, Uman', or Fastov"	-	-	Bb major (III); G minor (i)	1–8	no	
<a  href="https://verovio.humdrum.org/?file=https://raw.githubusercontent.com/shanahdt/mode_in_klezmer/refs/heads/main/corpus/beregovski250.krn">250</a	    Olandre (lyondre)	G minor	dance	"Barkagan, G."	transcription	Clarinet	"Kalinindorf, Nikolaev"	-	-	Old Jewish Agricultural Colonies	Kalinindorf	Bb	Up m3	F major (VII); G minor (i)	5–8	no	
<a  href="https://verovio.humdrum.org/?file=https://raw.githubusercontent.com/shanahdt/mode_in_klezmer/refs/heads/main/corpus/beregovski251.krn">251</a	    Volekh	G minor	dance	"Barkagan, G."	transcription	Clarinet	"Kalinindorf, Nikolaev"	-	-	Old Jewish Agricultural Colonies	Kalinindorf	-	-	G raised fourth (i)	5–8	no	
<a  href="https://verovio.humdrum.org/?file=https://raw.githubusercontent.com/shanahdt/mode_in_klezmer/refs/heads/main/corpus/beregovski252.krn">252</a	    Volekh	G minor	dance	"Komendant, M. G."	transcription	-	Kremenets	1885	-	Unknown	-	E or Eb	Down m/M3	G raised fourth (i); G major (I)	21–45; 46–61	no	
<a  href="https://verovio.humdrum.org/?file=https://raw.githubusercontent.com/shanahdt/mode_in_klezmer/refs/heads/main/corpus/beregovski253.krn">253</a	    Volekh	G major	dance	"Barkagan, G."	transcription	Clarinet	"Kalinindorf, Nikolaev"	-	-	Old Jewish Agricultural Colonies	Kalinindorf	-	-	G raised fourth (i)	18–25	no	
<a  href="https://verovio.humdrum.org/?file=https://raw.githubusercontent.com/shanahdt/mode_in_klezmer/refs/heads/main/corpus/beregovski254.krn">254</a	    Volekh	G raised fourth	dance	"Barkagan, G."	transcription	Clarinet	"Kalinindorf, Nikolaev"	-	-	Old Jewish Agricultural Colonies	Kalinindorf	D	Up P5		All raised fourth	yes	